Laser Delay [ns],TA1 [mOD],TA2 [mOD],TA3 [mOD],TA4 [mOD],TA5 [mOD]
-400,0.380221,-0.359769,0.040261,0.131612,-0.270978
-390,0.586612,0.348157,-0.181055,-0.190414,0.205815
-380,0.438201,-0.239287,-0.207693,-0.301758,0.222698
-370,-0.467402,-0.630491,0.441468,-0.219037,0.721418
-360,-0.868867,-0.376674,-0.117440,0.573185,-0.366625
-350,-0.132602,-0.405983,0.067112,0.070925,0.189132
-340,0.100818,-0.765585,-0.194206,0.494559,-0.138706
-330,0.804495,-0.050256,0.123930,-0.367580,-0.364741
-320,-0.240513,-0.137522,-0.788827,-0.277833,-0.351518
-310,-0.474616,-0.003343,-0.483271,0.114630,-0.117078
-300,-0.168296,0.146892,0.090250,-0.040431,0.581902
-290,-0.148182,0.005018,0.303875,0.097691,-0.399765
-280,-0.382406,-0.192545,-0.185586,-0.367063,-0.282661
-270,0.308239,0.197726,-0.302614,0.064018,0.073541
-260,-0.151684,0.430559,0.505345,-0.431687,0.350786
-250,0.266270,-0.234453,0.155413,-0.283165,-0.175497
-240,-0.256319,-0.197523,-0.128678,0.023608,0.335697
-230,-0.075909,0.103599,-0.155400,0.282980,-0.492794
-220,0.680547,0.360578,0.250882,-0.148433,-0.150560
-210,-0.028728,-0.444342,-0.061870,-0.406337,0.031772
-200,-0.087991,-0.445280,-0.061860,-0.011811,0.671350
-190,-0.286657,0.126860,0.135622,0.269940,-0.383115
-180,0.686358,-0.322438,0.418576,0.433023,-0.135338
-170,-0.514623,-0.090217,0.805519,-0.277854,0.038411
-160,-0.353608,0.115233,-0.338453,0.013470,0.015053
-150,0.162964,-0.123613,-0.499376,-0.469960,-0.028441
-140,0.182841,0.589950,-0.371551,0.207507,-0.387881
-130,0.233732,0.190332,0.346098,-0.466372,0.447741
-120,-0.015266,0.115219,-0.509891,-0.288291,0.128648
-110,-0.023740,-0.397537,-0.624970,0.370466,0.279254
-100,-0.237587,0.439526,-0.140557,0.328926,-0.101835
-90,0.110534,0.277787,-0.505786,0.188922,-0.349686
-80,0.570724,-0.043432,-0.020050,-0.271431,0.001670
-70,0.149683,0.106847,0.431313,-0.394689,0.430847
-60,0.081581,-0.016686,-0.549863,0.082634,-0.237277
-50,0.193881,-0.343945,-0.033473,0.043821,-0.157081
-40,0.203909,-0.429167,-0.600704,0.085912,-0.257581
-30,0.234620,0.538196,-0.105363,-0.148411,0.462844
-20,-0.147324,0.020066,-0.461654,0.133192,0.177354
-10,0.638174,0.363147,1.144483,0.480152,0.564106
0,1.177734,0.712701,1.178015,1.745566,1.007280
10,2.757432,2.326917,2.294783,2.446496,2.738840
20,2.472827,2.746050,3.417117,3.472333,3.582990
30,4.491804,4.758193,4.625530,4.459667,4.709488
40,5.359849,5.307417,4.792441,5.465193,4.877452
50,5.758134,5.960464,6.766142,6.052481,6.149865
60,7.642902,7.373969,7.101228,7.208452,6.698896
70,7.764887,8.002015,7.647282,8.208085,8.375262
80,9.416272,8.943149,8.691823,8.461008,9.165149
90,10.576820,10.444362,9.927020,9.860488,10.315906
100,10.746503,11.018083,11.228660,10.914373,10.437446
110,10.943176,11.999166,12.054605,11.344343,11.392008
120,10.981434,12.212006,11.164536,11.000901,11.128056
130,10.700613,11.002663,10.879474,11.389567,10.675612
140,10.412131,11.098525,10.719129,10.930537,10.680604
150,11.179887,9.658217,10.356091,10.863373,10.550202
160,10.412796,10.234948,10.507369,9.683867,10.553633
170,9.872589,10.445795,10.283769,9.837722,10.241671
180,9.427897,9.926934,9.758573,10.269685,9.782373
190,9.830199,9.883993,9.515363,9.088277,9.502918
200,9.282903,9.272071,9.335975,9.546920,9.343590
210,9.190017,8.650566,9.183228,9.078975,9.073725
220,8.691608,8.315768,8.899521,8.587726,9.041887
230,9.062587,9.199345,8.869767,9.252137,8.664611
240,8.734148,8.555844,8.472119,8.963457,8.883843
250,9.242533,8.447220,9.051681,8.213842,8.655334
260,8.696576,7.817208,8.402029,8.178355,8.118042
270,7.924470,8.220334,8.565990,8.080235,7.583567
280,8.623966,8.172225,7.662807,7.702590,8.106369
290,8.513061,7.922189,7.671224,8.188566,7.854062
300,7.777070,8.051928,7.575178,7.648513,7.963406
310,7.222511,7.575996,7.368968,7.717036,7.537945
320,7.388859,7.025493,7.532042,7.086845,7.737805
330,7.262254,7.344990,6.716405,7.630960,7.132181
340,7.024927,7.600844,7.223210,7.212010,7.382187
350,6.738415,6.857498,7.131836,7.081691,7.234114
360,7.034810,6.440268,6.576466,7.372265,6.668098
370,7.250781,6.652024,7.230760,6.422378,5.967288
380,6.724110,6.556333,7.372354,6.501917,6.320664
390,6.593402,6.550741,5.922438,6.823279,6.344091
400,6.569715,6.744663,6.219083,6.382957,7.020179
410,6.414646,6.811050,6.218889,6.536023,5.870695
420,5.733419,6.237333,6.087562,5.979280,5.945560
430,5.855262,5.369472,5.641954,6.466307,5.380686
440,5.556070,6.132291,6.113828,5.572235,5.967135
450,5.929666,5.254298,5.606141,5.706605,5.836200
460,6.053993,5.483907,5.207515,5.648528,5.549670
470,5.205524,5.507103,6.036832,5.422637,5.260617
480,5.436865,5.869790,5.756836,5.517692,5.202502
490,5.510183,5.201190,5.526490,5.912635,5.746030
500,4.909340,5.638580,5.217229,4.699853,5.464354
510,5.375971,5.522621,4.575319,4.569000,5.095647
520,4.950161,4.960612,4.687521,4.498707,4.678501
530,4.964451,5.199982,4.821505,5.300704,4.879638
540,4.987905,4.490557,4.629655,5.146354,4.730474
550,4.598448,4.767147,4.965299,4.147001,4.753258
560,4.186611,4.262935,4.549984,4.806743,4.407850
570,4.985577,4.531007,4.320834,3.834105,4.632663
580,4.051706,4.445398,4.979403,4.372545,4.626505
590,4.477554,4.319812,4.619370,4.632560,4.364481
600,3.985806,4.005205,3.945273,4.080792,4.189465
610,3.890308,4.049525,4.058672,3.956888,4.202505
620,4.171325,4.391085,3.811017,3.423982,4.704729
630,4.032072,4.424922,4.316228,3.836136,3.768197
640,4.385872,3.647714,4.616243,4.131649,3.208761
650,3.768744,4.268153,3.047431,4.047483,4.077214
660,3.961854,3.952787,3.477644,4.517202,3.958797
670,3.850101,3.494681,3.764192,3.470294,3.553663
680,3.751792,3.889225,4.082790,3.211689,3.030411
690,3.151551,3.988524,3.520274,3.771224,3.142270
700,3.248728,3.258716,3.507417,3.542718,4.245899
710,3.515312,3.714539,3.165952,3.331303,3.757178
720,3.298133,3.185460,3.149964,3.219058,3.293908
730,3.349688,3.281815,2.877937,2.496018,3.671463
740,3.088092,3.495030,3.144132,3.054069,3.224984
750,3.716295,2.773407,2.964133,3.279883,3.419584
760,3.183439,3.170878,2.845452,2.673398,3.401090
770,2.661560,3.377413,2.780889,3.188054,3.095210
780,2.759262,2.457209,3.096489,2.540982,3.030333
790,2.965129,2.867236,3.077369,3.055802,3.192264
800,2.560377,2.998637,2.696388,2.686705,3.470189
810,2.767012,2.992992,2.894114,2.397916,2.564576
820,2.418931,2.697910,3.179675,2.831442,2.940280
830,3.116339,3.085900,2.786571,2.673458,2.652094
840,2.682636,2.405018,2.420951,2.514140,2.839542
850,1.931580,2.926844,2.827756,2.383657,3.257621
860,2.189217,2.047543,3.054016,2.554590,2.622609
870,2.777450,2.767759,2.452847,2.277629,3.043161
880,2.595067,2.228853,1.885389,2.521484,2.759042
890,2.213107,2.379920,1.974732,1.966400,2.456738
900,2.291894,2.294372,2.717010,2.995492,2.035485
910,2.085336,2.376252,2.228219,2.516738,1.704789
920,2.265517,2.791630,1.562605,2.148306,2.584059
930,2.793446,2.220910,2.028257,2.362779,2.786838
940,2.699520,2.416389,2.022206,2.132193,1.980924
950,1.701924,2.339653,2.088979,1.897679,2.028388
960,2.146118,2.056972,2.066818,2.858083,2.198443
970,1.144058,2.294672,1.931208,2.458474,1.992607
980,1.963916,2.502025,1.686425,1.646974,2.086737
990,1.784690,2.242708,2.312984,2.562205,2.130899
1000,1.761142,1.920628,2.290075,1.807087,2.127475
1010,1.757601,1.804873,1.782260,1.661698,1.949873
1020,1.934604,2.294807,2.100063,1.738230,1.826950
1030,1.570999,2.292395,2.024442,2.038655,1.963619
1040,1.227131,2.480282,1.905607,1.594199,1.677512
1050,1.475609,1.768898,1.452015,2.018527,1.900714
1060,1.719413,1.556300,1.734503,1.349982,1.435024
1070,1.650667,2.306830,1.877209,2.336213,1.921996
1080,1.526089,1.330459,1.312210,1.594904,1.715796
1090,1.676318,1.971770,1.562096,0.954500,1.566293
1100,0.593566,1.804700,1.940307,1.880520,1.856930
1110,1.492178,1.241877,1.099709,2.108878,2.432745
1120,1.375438,1.856520,1.577472,1.571319,1.802543
1130,1.570815,1.522545,1.515968,1.107585,1.675942
1140,1.411176,0.996255,1.649564,1.448296,1.440006
1150,1.947910,1.595780,1.012621,0.905948,1.560538
1160,1.632157,1.628435,1.525308,1.196704,1.840992
1170,1.438677,1.502111,1.738760,0.928328,1.488576
1180,0.725828,1.556006,1.334238,1.090106,1.200779
1190,1.286143,1.721480,0.841039,1.251421,1.178642
1200,1.628941,1.339548,0.629024,1.171310,1.213352
1210,1.124499,0.796704,1.831215,1.122794,1.489040
1220,0.989015,0.862855,1.113035,1.295590,1.621015
1230,1.369676,1.439942,1.424392,1.638005,1.537972
1240,1.596853,1.437741,0.921539,1.461133,0.941572
1250,1.169995,0.944363,0.917317,1.560955,1.831700
1260,1.415028,0.779713,1.159432,1.021776,1.049664
1270,0.859205,1.431729,1.116925,1.508078,0.991004
1280,1.235367,1.470745,1.599439,1.703340,1.387410
1290,1.260484,0.857669,0.821156,0.720943,0.734217
1300,1.564530,1.163829,1.322467,1.180917,0.998536
1310,0.814413,1.297890,1.071667,0.596619,1.300255
1320,0.717683,1.222123,0.801431,1.417112,0.525229
1330,0.917039,0.976428,0.842920,0.938202,1.503128
1340,0.425879,0.249317,0.684942,0.723070,1.169431
1350,0.944077,0.934302,1.195420,0.781385,1.142523
1360,0.768835,0.520181,1.379711,1.220866,1.090369
1370,0.541267,0.647819,1.025236,0.600990,1.279055
1380,1.092718,0.692842,1.402408,0.657722,0.951767
1390,1.211959,0.621188,0.875046,1.350603,0.744857
1400,0.952697,1.090674,1.840572,1.130307,0.431824
1410,0.291157,0.832098,1.231309,1.046951,1.252573
1420,0.551123,0.807565,0.637749,0.983911,1.163370
1430,0.898619,0.566324,1.429143,1.192643,1.005332
1440,0.729757,0.841625,0.530587,0.740610,0.886271
1450,0.417349,0.652176,0.092096,0.862028,0.790427
1460,0.448065,1.161251,0.107138,1.088365,0.945036
1470,0.933652,0.758785,0.817530,0.646550,0.483379
1480,0.760766,0.651158,0.889836,1.109167,0.675097
1490,0.803455,0.981441,0.283640,0.646018,0.972589
1500,0.967726,0.812137,0.505972,0.788644,0.559692
1510,0.091297,0.863521,1.003475,0.258657,0.536383
1520,0.089479,0.478829,0.363685,1.329130,0.915246
1530,0.974733,1.203908,0.476531,0.809392,0.984960
1540,0.673192,0.911873,1.310468,0.403528,0.046917
1550,0.564762,0.259705,0.647147,0.922547,0.127276
1560,0.798358,0.334760,1.145517,0.060268,1.462127
1570,0.224221,0.186960,0.301955,1.137987,0.147213
1580,0.739107,0.909517,0.528796,0.914226,0.255899
1590,0.284543,0.162053,0.475233,0.191021,-0.232462
1600,0.652796,0.198925,0.412401,0.087149,1.352390
1610,0.837412,0.497580,0.093689,0.840789,0.624449
1620,0.222240,0.801857,0.808678,0.926120,0.789738
1630,1.100916,0.098507,0.920105,0.977864,0.150643
1640,0.729789,0.630681,1.045657,0.511960,0.417052
1650,0.771797,1.090305,0.045375,0.370942,0.787475
1660,0.839477,0.833888,0.772541,0.931637,0.860874
1670,0.621760,0.677990,0.957569,0.644814,0.591140
1680,0.885343,0.138599,0.234688,0.714998,0.536290
1690,1.194003,0.677573,0.194371,0.760820,0.341046
1700,0.737379,0.742767,0.388459,0.837220,-0.058564
1710,0.328679,0.110465,0.627812,0.798401,0.486754
1720,0.603906,0.807086,0.475293,0.679890,1.136036
1730,-0.065736,0.408011,-0.354092,0.494347,0.757497
1740,0.315114,0.235548,0.880297,1.052262,0.610092
1750,0.020225,0.461025,0.638593,0.026849,1.071999
1760,0.423971,0.345833,0.483901,0.509546,0.906131
1770,0.262544,0.795597,0.541124,0.284955,1.087690
1780,0.200436,0.301270,0.394020,0.499842,0.572190
1790,0.580633,-0.113850,0.112117,0.543390,0.666414
1800,0.675575,0.274056,0.478215,0.622613,0.432906
1810,0.138137,0.664853,0.395277,1.024147,0.409499
1820,0.562891,0.452446,-0.010089,0.448452,0.558894
1830,0.602894,1.152200,1.160888,0.329805,0.250908
1840,0.000000,0.094940,-0.114216,1.094099,0.766438
1850,0.773234,0.874429,1.009230,1.024159,0.329404
1860,0.447191,0.088394,0.364044,0.328077,0.421370
1870,0.168455,0.293653,0.557385,0.629939,0.073616
1880,0.410799,0.151855,0.814044,0.165700,0.199019
1890,0.744318,0.459267,0.467947,0.051907,0.190690
1900,-0.139588,0.005015,0.794489,-0.202551,-0.205991
1910,0.232575,0.394818,0.241385,0.283103,0.804625
1920,0.983036,0.679204,0.498124,0.335009,0.205764
1930,0.659814,0.431614,0.258811,0.063611,0.980575
1940,0.625322,0.399912,0.025224,0.268514,-0.095446
1950,0.563319,0.103438,0.090756,-0.222861,0.676035
1960,0.232125,-0.081609,0.180797,0.530669,0.542113
1970,-0.016796,0.656822,0.492116,0.215918,0.480459
1980,0.799252,0.325649,0.183441,-0.290022,0.237439
1990,0.434511,0.773017,0.247014,0.415178,-0.015048
2000,-0.058750,0.735121,-0.035256,0.314472,0.262676
2010,0.441710,-0.210135,0.010089,0.008374,0.071963
2020,0.267046,0.024994,0.501792,0.058706,-0.444347
2030,-0.250537,0.308092,0.204799,-0.234852,0.035224
2040,-0.169920,0.253239,0.842589,0.905943,0.390019
2050,0.267334,0.566025,0.912542,0.437839,0.859198
2060,0.254235,0.739700,0.431540,0.394849,0.597192
2070,-0.159617,0.753959,0.057051,0.185895,0.479646
2080,-0.472713,0.373112,0.053719,0.251276,0.541977
2090,0.457575,-0.291669,0.566941,0.408395,0.659505
2100,0.430764,0.303326,-0.278778,0.192815,0.676805
2110,0.262175,0.059989,0.652280,0.214534,0.442224
2120,-0.097591,-0.176744,0.532265,0.527098,-0.228092
2130,0.814685,0.383387,-0.316064,0.701145,0.209495
2140,-0.016857,0.737125,0.435083,0.072009,0.015102
2150,-0.059073,0.025017,0.176363,-0.177449,0.377687
2160,0.743801,0.555115,0.424907,-0.016758,0.459250
2170,-0.107933,0.495181,0.287298,0.724019,0.207760
2180,-0.207194,0.208570,0.006711,0.117317,0.090334
2190,0.550375,0.502915,-0.546148,-0.318203,-0.246061
2200,0.717088,0.261621,-0.177608,-0.174294,0.441628
2210,0.275329,0.317889,0.401312,0.430380,-0.185595
2220,0.104306,0.822877,0.226010,0.501079,0.443794
2230,0.643149,0.523037,0.145911,-0.184530,0.289606
2240,-0.114305,0.561496,0.597222,0.370216,0.167218
2250,0.383214,0.368744,0.524804,-0.108897,-0.028469
2260,-0.404842,1.038498,0.057168,0.268091,0.269610
2270,-0.367552,-0.158125,0.206785,-0.157530,0.237812
2280,0.451375,-0.342278,-0.089022,-0.120609,-0.197879
2290,0.040254,0.023312,0.154499,-0.095636,0.078767
2300,-0.221369,0.259561,1.069275,-0.345474,0.244518
2310,0.286981,0.330060,0.271862,0.181160,0.329344
2320,0.448246,0.221597,-0.263750,-0.277080,0.237461
2330,0.070466,0.355072,0.438502,0.303072,-0.271193
2340,0.422852,0.275558,-0.326225,0.346028,-0.305907
2350,0.115635,0.093439,0.334149,-0.110652,0.267110
2360,0.771383,-0.276592,0.067171,0.323542,0.370825
2370,-0.415514,0.171721,0.468765,-0.149010,0.200524
2380,0.402626,0.313134,-0.478780,0.001673,-0.001675
2390,0.189807,0.311298,0.225694,0.371202,0.003351
2400,-0.214869,-0.119858,0.089148,0.219272,0.122368
2410,0.048696,0.040036,0.602761,-0.231243,-0.053559
2420,-0.114038,-0.265662,0.087488,-0.023437,-0.709828
2430,0.142756,-0.211731,0.677853,0.160954,0.098778
2440,0.136002,-0.038436,-0.225304,-0.222633,0.205983
2450,0.659122,-0.083442,0.191393,0.421566,-0.025122
2460,-0.124275,0.035002,0.023487,0.135344,-0.165556
2470,0.079034,0.236716,0.377822,0.279606,-0.001672
2480,0.125938,0.051776,0.379571,0.100391,0.118765
2490,0.562434,0.501569,0.048711,0.051873,-0.301121
2500,0.102334,0.466580,0.321224,0.428445,-0.088616
2510,-0.156128,-0.503793,0.413126,0.337677,-0.076874
2520,-0.367820,-0.196311,-0.166114,-0.214101,0.023407
2530,-0.201602,0.074941,-0.201473,0.336228,0.051882
2540,0.112254,0.365570,0.142943,-0.083606,0.396471
2550,-0.097403,-0.696784,0.436002,0.332721,0.202729
2560,0.102449,0.415065,0.450471,0.346711,0.380101
2570,-0.072223,0.335201,0.314364,-0.077063,0.077112
2580,0.152766,0.250018,0.088927,-0.469004,-0.122264
2590,0.488130,0.251859,0.110770,0.110571,0.207699
2600,-0.065346,-0.235397,-0.188286,0.336647,-0.122297
2610,0.449710,-0.675973,-0.053912,0.470569,0.378486
2620,-0.130559,0.237103,-0.057176,-0.169731,0.316248
2630,0.107154,0.295830,-0.169938,0.134099,0.380103
2640,0.055315,0.241050,-0.388999,-0.307623,0.192483
2650,0.538138,-0.296914,-0.665306,-0.048518,0.408396
2660,0.606135,0.051733,0.023535,0.492865,0.125483
2670,-0.026862,-0.368996,-0.284519,-0.088817,0.510915
2680,-0.021815,0.253959,-0.166491,0.434300,0.058495
2690,-0.316852,0.269505,-0.700494,-0.145717,0.630637
2700,0.161015,0.506586,0.092540,0.453907,0.135172
2710,0.570605,-0.309254,0.508061,0.642714,0.170591
2720,-0.133890,0.790308,0.112730,-0.097005,-0.098852
2730,0.515201,0.087001,-0.013441,0.374847,0.157412
2740,-0.483800,0.252821,-0.233914,0.120360,0.112190
2750,-0.346916,-0.401517,-0.023542,-0.025062,-0.103823
2760,0.211088,-0.344226,-0.554566,-0.486132,0.185923
2770,-0.182661,-0.195489,0.369383,-0.282506,0.374665
2780,-0.791755,0.073535,0.172809,-0.328338,0.225945
2790,0.196015,0.392723,-0.023543,0.008360,-0.232499
2800,0.103913,0.866827,-0.131257,-0.242755,-0.575335
2810,0.354062,0.386571,0.005047,0.117114,0.267766
2820,-0.134174,-0.586692,-0.067363,-0.605615,-0.200725
2830,-0.177713,0.257967,0.291358,-0.601367,0.304774
2840,-0.119058,0.371495,0.414626,-0.008351,-0.028436
2850,0.118741,-0.217332,0.203687,-0.774810,0.259395
2860,0.137086,-0.623557,-0.040361,0.051835,-0.026744
2870,0.011715,-0.078555,0.566491,-0.035159,-0.606662
2880,0.103864,-0.461006,-0.085813,0.103734,-0.165447
2890,0.346676,0.388938,-0.201978,-0.031766,0.046818
2900,-0.259018,0.128759,0.205266,-0.075282,-0.246969
2910,0.520802,-0.346508,0.370280,-0.330062,0.257583
2920,0.245976,-0.252807,-0.513254,0.145630,0.221083
2930,0.186019,0.560579,0.141367,0.015050,0.220300
2940,-0.513711,1.011536,-0.077326,-0.015060,0.100477
2950,-0.383471,0.048420,-0.205233,0.425157,0.150474
2960,0.060375,-0.238183,-0.090807,0.596741,-0.237933
2970,-0.000000,-0.553679,-0.431905,-0.785372,-0.018392
2980,0.333886,0.099924,-0.865796,0.256199,0.349394
2990,-0.789256,0.473127,0.151242,-0.105515,-0.064956
3000,0.248604,-0.158482,0.250271,0.311715,-0.886513
3010,0.503139,0.068489,-0.015131,0.072065,-0.187107
3020,-0.433479,-0.085227,0.292794,0.043562,0.000000
3030,-0.211805,0.252361,-0.478931,-0.390264,0.051825
3040,-0.489896,-0.304320,0.043697,0.579884,-0.447631
3050,0.306910,-0.018380,-0.408452,0.153981,-0.145683
3060,0.236281,0.106959,0.299132,-0.457121,-0.583196
3070,-0.434832,0.085143,0.058931,0.199050,-0.215419
3080,0.393398,-0.285871,0.389017,0.133786,-0.167086
3090,0.352001,0.036815,0.829462,-0.115392,-0.073483
3100,0.078710,-0.779186,0.104379,0.200650,0.049989
3110,0.378228,0.484077,0.527075,0.155909,0.131904
3120,-0.339825,-0.018364,0.432783,0.386974,-0.447719
3130,0.375152,0.111750,-0.067352,0.033492,0.122104
3140,0.519112,0.379298,0.005056,0.030133,-0.048482
3150,-0.343469,0.525957,-0.781793,0.021770,-0.494475
3160,-0.577732,-0.190453,-0.259305,0.021787,0.185004
3170,-0.457663,0.355669,0.122865,-0.635287,0.247249
3180,0.356103,0.397277,-0.450312,-0.073664,-0.155720
3190,0.449685,0.375060,-0.426125,-0.035193,-0.220896
3200,-0.522542,-0.064988,0.414322,0.020094,0.205470
3210,-0.328143,-0.376709,0.060593,-0.113890,-0.357398
3220,0.815182,0.237194,0.506835,-0.078691,0.307492
3230,0.051922,0.512134,0.466280,-0.393685,-0.101995
3240,0.711863,0.048470,-0.099354,0.215828,0.359176
3250,-0.711122,0.258561,0.161674,0.087032,0.222287
3260,0.504149,0.404170,0.197173,-0.033477,-0.260839
3270,-0.028488,0.298624,0.176820,0.160684,-0.332127
3280,0.202602,-0.382082,-0.310140,0.182437,0.023421
3290,-0.203960,-0.384396,-0.161898,-0.227851,0.307473
3300,-0.495292,0.066850,-0.055578,-0.098700,-0.153708
3310,0.105339,-0.093534,-0.332319,0.817982,-0.011746
3320,-0.006698,0.476611,-0.547030,0.261415,0.250504
3330,0.031784,0.096963,0.136613,-0.232703,-0.125299
3340,-0.107205,-0.071822,0.011801,-0.020097,-0.428524
3350,-0.145800,-0.086836,-0.070782,-0.311476,0.118734
3360,-0.175204,0.901757,0.219083,-0.245913,0.065068
3370,0.315919,-0.180504,-0.123210,-0.553587,-0.188745
3380,-0.181079,-0.357492,0.214213,-0.242239,0.523630
3390,0.045163,0.056748,-0.413589,0.257525,0.068381
3400,-0.162408,-0.384090,0.100964,-0.095432,0.300218
3410,0.249770,-0.283908,0.498057,0.048510,0.016691
3420,-0.110756,0.051724,-0.556720,-0.304359,0.201685
3430,0.653045,0.677987,-0.212300,-0.230899,0.460183
3440,-0.327966,0.280512,-0.154892,-0.075248,0.128633
3450,0.531070,0.491003,0.117894,-0.083508,0.499999
3460,0.328147,-0.172097,0.207042,-0.035131,0.255074
3470,0.501304,0.020034,-0.353377,0.260746,-0.266845
3480,0.224600,-0.081761,-0.163014,-0.625353,0.647204
3490,-0.112171,-0.065020,-0.122865,-0.154025,0.282016
3500,0.093895,0.165054,0.033622,0.056722,-0.582100
3510,0.663255,0.513695,-0.317702,0.454823,-0.369670
3520,0.213964,-0.488034,0.114284,0.418083,0.084946
3530,0.158973,0.457908,-0.181747,-0.126994,0.013356
3540,0.055243,0.398543,-0.539036,-0.272234,-0.005005
3550,-0.256790,-0.149860,-0.185300,-0.310571,0.175494
3560,-0.463484,0.383322,0.080839,-0.262312,-0.132007
3570,0.691362,0.257359,-0.730107,0.189545,-0.562193
3580,-0.219168,0.036693,-0.109401,-0.080293,0.572475
3590,0.574617,-0.115097,-0.181765,-0.118773,-0.228926
3600,-0.189469,-0.808067,-0.060512,0.207229,0.325716
3610,0.134360,0.096838,0.135051,0.665278,-0.201939
3620,-0.488183,-0.185203,0.249037,0.264485,0.392767
3630,-0.509958,-0.086873,0.168228,-0.782594,0.480600
3640,0.941111,0.345674,0.324628,0.349366,0.078574
3650,0.530606,-0.522240,0.782260,-0.006687,0.533982
3660,-0.408189,0.211827,0.368856,0.144011,0.246703
3670,-0.016725,0.153248,-0.091089,-0.270743,0.502191
3680,0.673473,0.256298,0.455087,0.138805,-0.168283
3690,0.137015,1.049785,0.426966,-0.078575,0.428774
3700,-0.499491,-0.463304,-0.487409,0.065172,0.021701
3710,0.071986,0.330835,-0.627025,-0.339019,0.145422
3720,-0.086964,-0.028368,0.050507,-0.777276,-0.248245
3730,0.986854,-0.165079,-0.363997,0.278950,0.213569
3740,-0.167114,0.238161,0.270097,0.289345,-0.158601
3750,0.150784,-0.126698,0.269389,0.416358,-0.028417
3760,-0.474694,-0.135594,0.421288,-0.322398,0.131852
3770,0.100492,-0.217084,-0.282613,0.056879,-0.063455
3780,0.461649,0.458881,0.234054,-0.334430,0.061829
3790,0.172268,0.095118,-0.010104,-0.352940,-0.802018
3800,0.217490,-0.196550,0.028620,-0.234388,0.418541
3810,-0.675372,0.139810,-0.277935,0.230890,0.188871
3820,0.051848,-0.435384,-0.448056,0.747994,0.217186
3830,0.664060,0.642128,0.219790,-0.067026,0.404091
3840,-0.006695,-0.151736,0.065673,0.153994,0.208519
3850,-0.122285,-0.313610,0.247635,-0.008360,0.317380
3860,0.107193,0.341726,-0.327552,-0.294914,-0.020017
3870,0.025121,-0.115017,-0.238651,-0.147226,-0.599276
3880,-0.001676,-0.249913,0.141606,-0.063560,-0.285488
3890,-0.373684,-0.168281,0.043681,0.220306,-0.040059
3900,0.129027,-0.046601,0.107377,0.274360,-1.275064
3910,-0.212804,0.055076,-0.098951,0.617598,-0.472210
3920,0.223193,-0.496397,-0.026869,-0.244157,-0.106881
3930,-0.043648,-0.172593,-0.292203,-0.629577,0.162271
3940,-0.291727,-0.151989,0.015138,-0.381547,-0.000000
3950,0.303369,-0.048359,0.311464,-0.153722,-0.218874
3960,-0.442524,0.051771,0.104163,0.163909,-0.083477
3970,-0.214643,-0.133358,-0.218401,0.359884,-0.073452
3980,0.249804,-0.086618,0.656008,0.174238,-0.008344
3990,0.196345,0.101639,0.321188,0.310494,-0.350756
4000,-0.351493,-0.018366,-0.785876,0.180798,0.005007
4010,-0.217017,0.045126,-0.446268,-0.491862,0.501321
4020,0.468276,0.174181,-0.195230,0.720809,-0.126948
4030,-0.098719,0.593706,-0.126107,0.035103,-0.376168
4040,0.151699,0.150327,-0.237109,0.192513,-0.123590
4050,0.200498,-0.115121,0.043670,-0.093635,0.213728
4060,0.113701,-0.245707,-0.110957,0.356248,0.091802
4070,0.013397,0.510767,0.504780,0.472732,0.242658
4080,-0.518966,0.374400,-0.180002,-0.422986,-0.379762
4090,-0.712875,-0.013378,0.742918,0.020065,0.172344
4100,-0.412570,-0.401168,0.100971,-0.367364,-0.278135
4110,-0.590037,0.302500,-0.565240,-0.581814,0.194459
4120,-0.174127,0.411863,0.013450,-0.255556,-0.219595
4130,-0.123873,0.162369,-0.099292,-0.045081,-0.015110
4140,0.020087,0.294147,-0.265611,-0.457593,-0.520800
4150,0.018426,0.405563,0.371884,-0.208720,0.464372
4160,-0.259380,-0.381815,-0.663155,0.123431,0.005026
4170,-0.202588,-0.304493,-0.013451,0.045097,-0.144177
4180,-0.158887,-0.483619,0.692587,0.083447,-0.323383
4190,0.254598,-0.148935,0.186637,0.247196,-0.021698
4200,-0.185731,0.259472,-0.003365,-0.494256,-0.051867
4210,0.311447,-0.418110,0.107651,0.080317,-0.261057
4220,-0.625750,0.329930,-0.840200,0.305373,0.078748
4230,-0.045192,-0.051799,0.307832,-0.208696,0.448795
4240,-0.152212,-0.147147,0.023534,-0.246012,-0.030137
4250,-0.366680,-0.236044,-0.190357,0.543898,0.368396
4260,-0.657065,0.018392,-0.131567,-0.016705,0.095205
4270,0.180610,-0.212708,0.114639,0.008356,-0.254169
4280,0.197467,0.115441,-0.026967,-0.439715,-0.041876
4290,0.192455,-0.605442,-1.053596,0.291109,0.006685
4300,-0.332609,0.135583,0.174958,0.090229,-0.267359
4310,1.063689,-0.389792,0.644862,-0.202086,0.287807
4320,-0.051870,-0.112171,0.405877,0.015061,-0.323390
4330,-0.045156,0.224210,0.388350,-0.299581,0.071203
4340,-0.117193,-0.469556,0.074020,0.408041,0.428109
4350,0.125502,-0.296508,0.363599,-0.324421,-0.125945
4360,0.368015,-0.251685,-0.558023,-0.394822,-0.338274
4370,-0.395090,0.194236,-0.427322,-0.204098,-0.510278
4380,0.186185,-0.169081,0.302996,0.228087,0.018519
4390,0.048556,-0.344407,-0.183751,0.521972,0.412503
4400,-0.344605,0.458305,-0.537876,-0.145593,0.395107
4410,0.238996,0.764628,-0.033639,0.153789,-0.188505
4420,-0.093519,0.209140,-0.545346,0.158981,0.079068
4430,-0.073584,-0.070231,0.020194,0.193922,-0.383732
4440,0.003345,0.130332,0.105708,-0.514784,0.136116
4450,0.143779,-0.005016,-0.079048,-0.105246,0.107802
4460,0.207363,0.141935,0.311255,-0.223782,0.052264
4470,-0.147092,1.095644,0.045418,-0.120454,-0.138217
4480,-0.292221,0.148962,0.268393,-0.491813,0.112581
4490,0.265850,-0.697049,-0.440115,-0.736952,0.369412
4500,-0.348240,-0.050197,0.332952,0.358317,-0.695185
4510,-0.318163,-0.132314,-0.750783,-0.101936,-0.008426
4520,-0.452868,0.033506,0.117658,0.400543,0.148562
4530,-0.122336,-0.167580,-0.137867,0.267229,0.099182
4540,0.316021,-0.023451,-0.058611,0.043396,0.067287
4550,-0.041790,-0.088488,0.319268,-0.223905,-0.124363
4560,0.578947,-0.128974,-0.006726,0.322542,0.179676
4570,0.338062,-0.491694,0.100935,0.070246,0.248833
4580,0.210927,-0.529560,-0.567204,-0.130559,-0.576673
4590,-0.442096,-0.117363,-0.082455,0.098844,0.131122
4600,0.055327,0.263463,0.474438,0.863450,-0.124304
4610,-0.264624,0.023508,0.120916,-0.659617,-0.112552
4620,0.596158,-0.241339,-0.452228,-0.076874,0.356333
4630,-0.266480,-0.478760,0.201977,-0.188418,0.487242
4640,-0.111980,0.093674,-0.079073,0.400987,0.261886
4650,-0.344446,-0.260904,0.163558,-0.038555,-0.161265
4660,-0.397476,-0.021743,-0.374616,0.564120,0.117609
4670,-0.397407,-0.162214,0.406102,-0.404659,0.100969
4680,0.058485,0.207246,0.038798,0.516618,-0.755186
4690,-0.474529,0.288385,0.021905,0.320970,0.082788
4700,-0.227273,-0.195960,-0.448513,-0.112125,-0.190065
4710,0.559033,-0.197610,-0.512233,-0.001671,-0.171631
4720,0.185110,-0.046955,0.069107,0.257579,-0.329265
4730,0.390692,0.061984,-0.384637,-0.415333,-0.072179
4740,-0.075194,-0.045205,-0.927507,-0.250734,0.262041
4750,0.008358,-0.357438,-0.016888,0.582568,0.176574
4760,0.038430,0.185899,-0.374046,-0.184124,0.506863
4770,-0.366371,-0.119055,-0.496907,-0.068619,0.019614
4780,-0.073524,-0.234577,-0.148477,-0.010034,-0.596335
4790,0.446164,-0.221099,-0.018556,-0.593907,-0.142696
4800,0.222285,-0.013398,0.299984,-0.053533,-0.458557
4810,-0.351002,-0.219366,0.291628,-0.127282,0.248613
4820,-0.018398,0.005014,0.026950,0.085460,-0.167922
4830,0.215676,-0.511934,-0.187046,0.251162,-0.031902
4840,-0.278962,0.013398,-0.099330,0.003278,-0.157884
4850,-0.048437,0.129005,-0.419392,0.040161,-0.178369
4860,0.636755,-0.484775,-0.210703,0.135524,-0.165610
4870,-0.374534,-0.088761,-0.252681,0.076961,-0.111976
4880,-0.026804,0.166173,0.430839,-0.065196,0.096354
4890,-0.043544,-0.233133,0.336922,-0.532482,-0.285802
4900,0.209117,0.530206,0.394294,0.155649,-0.566022
4910,0.384876,-0.357397,0.515068,-0.073561,-0.759675
4920,-0.115459,-0.063782,0.050612,-0.322864,0.176442
4930,-0.125648,-0.234774,0.350273,-0.248039,-0.347733
4940,0.021769,-0.026799,-0.241102,-0.105423,-0.003357
4950,0.768803,0.028414,-0.151734,0.351323,-0.001682
4960,-0.006691,0.437161,-0.040422,0.197380,0.515662
4970,-0.175797,0.129022,0.072325,0.098380,-0.154560
4980,-0.248088,0.021772,0.291430,0.894618,-0.412043
4990,-1.007144,0.008378,0.207308,0.078059,-0.099277
5000,0.533271,-0.051849,0.167175,0.628581,-0.013457
