Wavelength [nm],spectra
374.779,4
374.857,0.643922437
374.936,0.996709872
375.014,0.848732323
375.093,0.931177203
375.171,1.791612682
375.250,1.105139782
375.328,0.67331912
375.407,4
375.485,0.819383411
375.563,0.871984782
375.642,0.735796671
375.720,1.472268749
375.799,1.030911463
375.877,0.830374781
375.955,0.897293786
376.034,1.568201721
376.112,0.848228102
376.191,0.951792321
376.269,0.680570511
376.347,0.877739345
376.426,0.621258452
376.504,4
376.583,0.698274575
376.661,0.973377518
376.739,1.144885416
376.818,1.118890615
376.896,0.919938276
376.974,4
377.053,0.546417703
377.131,4
377.209,1.072815721
377.288,1.421350765
377.366,0.696426543
377.444,1.62748634
377.523,0.582493867
377.601,1.511369096
377.679,0.679337531
377.758,1.06041592
377.836,4
377.914,1.040428655
377.993,0.617926393
378.071,1.399059322
378.149,0.921433247
378.227,1.176590159
378.306,1.382539901
378.384,1.693140457
378.462,1.366847277
378.540,0.865301424
378.619,0.690378786
378.697,0.801014132
378.775,0.864951892
378.853,0.990036601
378.932,1.2578317
379.010,1.073577366
379.088,0.764019847
379.166,1.056992417
379.245,0.762491002
379.323,1.158636579
379.401,0.893876063
379.479,0.892663209
379.558,0.809750235
379.636,1.049115966
379.714,0.823642219
379.792,1.017886661
379.870,0.978585299
379.949,1.483854634
380.027,0.945127913
380.105,0.84554097
380.183,0.783290888
380.261,1.173711555
380.339,0.806617549
380.418,0.839420905
380.496,0.802080302
380.574,1.473942919
380.652,0.853437451
380.730,0.885161588
380.808,0.867925568
380.887,0.895129648
380.965,2.106239474
381.043,0.898399474
381.121,0.895072013
381.199,2.080987043
381.277,0.780135238
381.355,0.791004816
381.433,0.75696195
381.512,1.063769784
381.590,0.71467166
381.668,0.892017262
381.746,0.900652404
381.824,1.565543154
381.902,0.808396573
381.980,1.047172353
382.058,0.849968682
382.136,1.105605853
382.214,0.83805639
382.292,0.932340666
382.371,1.29023703
382.449,0.876987183
382.527,1.257278485
382.605,1.11892575
382.683,0.978138997
382.761,1.063649724
382.839,0.953469741
382.917,1.493690353
382.995,1.146128033
383.073,0.743702004
383.151,0.883030191
383.229,1.056695096
383.307,1.061467864
383.385,0.817202718
383.463,0.986044046
383.541,0.994121133
383.619,0.778532042
383.697,1.266826362
383.775,0.749048867
383.853,0.921304404
383.931,1.021747875
384.009,1.056318361
384.087,1.176467106
384.165,0.963644754
384.243,0.806248859
384.321,1.164420453
384.399,1.053115753
384.477,1.583036751
384.555,0.98038217
384.633,0.825330326
384.711,1.068257237
384.788,0.950258126
384.866,0.966576243
384.944,1.060527693
385.022,1.034122538
385.100,0.794798128
385.178,0.881429078
385.256,1.635986108
385.334,0.905746229
385.412,1.345812972
385.490,0.962868961
385.568,1.184909722
385.645,0.860019257
385.723,1.20827594
385.801,1.693726945
385.879,0.989170787
385.957,0.835545722
386.035,0.805629419
386.113,0.940327993
386.191,0.891098084
386.268,0.839133655
386.346,0.876467505
386.424,1.22174016
386.502,0.990204654
386.580,0.964873223
386.658,0.979265296
386.735,0.817758125
386.813,1.145801373
386.891,0.847635924
386.969,0.902184261
387.047,0.849191968
387.125,1.155455118
387.202,1.178038769
387.280,1.752688525
387.358,0.985375906
387.436,1.111320967
387.514,0.896410846
387.591,1.124458054
387.669,0.850446173
387.747,1.051012628
387.825,0.93735762
387.902,0.955926474
387.980,0.764546777
388.058,1.325249971
388.136,1.01993411
388.213,0.844503928
388.291,1.207159142
388.369,0.845996269
388.447,0.710997839
388.524,0.867201184
388.602,1.004321372
388.680,0.786369791
388.758,0.925530854
388.835,1.135450697
388.913,0.785329833
388.991,1.176399158
389.068,0.95814563
389.146,1.000266355
389.224,1.31279694
389.302,1.511105749
389.379,1.054067259
389.457,1.05051805
389.535,1.07112787
389.612,0.912616268
389.690,0.900195555
389.768,0.933093419
389.845,1.181073657
389.923,0.969662866
390.001,0.922784293
390.078,0.946473168
390.156,0.819431437
390.234,1.005095206
390.311,0.79735881
390.389,0.964774734
390.466,1.008182026
390.544,1.191530853
390.622,0.890038418
390.699,1.144283893
390.777,0.849411365
390.854,1.130593124
390.932,0.773199149
391.010,0.892418822
391.087,0.964113261
391.165,1.071299095
391.242,1.08972726
391.320,1.502480671
391.398,1.128960008
391.475,0.983400736
391.553,0.886245429
391.630,0.928619854
391.708,1.102077993
391.785,0.975547326
391.863,0.847897485
391.941,1.05788189
392.018,0.947366989
392.096,0.985507075
392.173,0.905975673
392.251,1.203607538
392.328,0.991918728
392.406,1.122089792
392.483,0.999254854
392.561,0.956486928
392.638,0.884115851
392.716,0.913661046
392.793,0.911838659
392.871,1.071882005
392.948,1.094604697
393.026,1.07827552
393.103,0.930666083
393.181,0.956648577
393.258,0.959910379
393.336,1.002507084
393.413,1.110540914
393.491,0.942979052
393.568,1.136864633
393.646,1.296024972
393.723,1.114176904
393.800,1.054652898
393.878,0.862307072
393.955,1.000476983
394.033,0.939635326
394.110,1.142062845
394.188,0.935869511
394.265,1.117907526
394.342,1.096910011
394.420,0.813866801
394.497,1.054282071
394.575,0.983732385
394.652,0.946629182
394.729,0.968526184
394.807,0.972080517
394.884,1.062238942
394.962,0.824139686
395.039,0.936269136
395.116,0.909530456
395.194,1.016555828
395.271,0.902223994
395.348,1.24471163
395.426,0.99237104
395.503,0.980745199
395.580,0.874119531
395.658,1.082117094
395.735,1.008870421
395.812,0.940299272
395.890,0.857718706
395.967,1.040765543
396.044,1.027360747
396.122,0.845098038
396.199,0.933239561
396.276,1.034214098
396.354,0.988112838
396.431,1.158932697
396.508,0.898665894
396.586,0.980139566
396.663,1.070090066
396.740,0.900438731
396.817,0.947505861
396.895,0.912691292
396.972,0.954866046
397.049,0.939002541
397.127,0.782638464
397.204,0.919264924
397.281,0.936441061
397.358,1.037467997
397.436,0.852690793
397.513,1.076748215
397.590,0.835830109
397.667,1.019702495
397.744,0.936948252
397.822,0.988154869
397.899,0.999175909
397.976,1.012897742
398.053,0.959682593
398.131,1.092642679
398.208,0.901384266
398.285,1.114561563
398.362,0.862583435
398.439,1.014800456
398.516,0.877131447
398.594,0.919612466
398.671,0.91100085
398.748,0.955394483
398.825,0.905776747
398.902,1.085464095
398.979,0.868524526
399.057,1.105779012
399.134,0.936261384
399.211,1.217776297
399.288,0.917561289
399.365,0.966337315
399.442,0.91805356
399.519,0.921011729
399.597,0.829165483
399.674,1.167412625
399.751,1.046661327
399.828,0.948724079
399.905,0.940459763
399.982,0.978182349
400.059,0.991406917
400.136,1.052316537
400.213,0.833055996
400.290,0.984166013
400.368,0.866306155
400.445,0.971312237
400.522,0.962180225
400.599,1.044154501
400.676,0.839016157
400.753,1.051385573
400.830,0.922699072
400.907,0.990477935
400.984,0.935579232
401.061,0.9436536
401.138,0.96972769
401.215,1.000896375
401.292,0.900514746
401.369,1.042069945
401.446,0.787084836
401.523,0.904298518
401.600,1.01260972
401.677,0.860682137
401.754,0.9095991
401.831,0.962016079
401.908,1.016999659
401.985,0.865138248
402.062,0.919358937
402.139,0.953897692
402.216,0.915885183
402.293,1.324159291
402.370,0.870052238
402.447,0.884826726
402.524,0.963754813
402.601,0.892592931
402.678,0.951060849
402.755,0.93149938
402.832,1.032602315
402.909,0.928072273
402.986,0.928200706
403.063,0.969034941
403.140,0.961487937
403.216,0.958474796
403.293,0.935698383
403.370,1.020380705
403.447,1.001199944
403.524,1.003340741
403.601,0.963147273
403.678,0.968609998
403.755,0.870595865
403.832,1.082281612
403.909,0.92092974
403.985,0.956897796
404.062,0.943437436
404.139,0.887935798
404.216,0.887636368
404.293,0.885718859
404.370,0.973287138
404.447,0.979047792
404.523,0.93894348
404.600,0.956767051
404.677,0.87110951
404.754,0.962340022
404.831,0.989322662
404.908,1.047699975
404.984,0.864763198
405.061,0.910492911
405.138,0.973833348
405.215,0.93853733
405.292,0.966438786
405.368,0.936441061
405.445,0.91997052
405.522,1.010913652
405.599,0.96056949
405.676,0.984064897
405.752,1.000303594
405.829,0.806297207
405.906,0.892247119
405.983,0.968955584
406.059,0.936188922
406.136,1.044007679
406.213,0.957330445
406.290,0.940291954
406.366,0.894425114
406.443,1.003943036
406.520,0.91929307
406.596,0.996946461
406.673,0.884606579
406.750,0.997133357
406.827,0.999282748
406.903,0.993691852
406.980,0.951160831
407.057,0.933405196
407.133,0.928012984
407.210,0.882614399
407.287,0.919860195
407.363,1.072639912
407.440,0.831196125
407.517,1.051226186
407.594,0.831851171
407.670,0.952151533
407.747,0.924391665
407.823,1.022593873
407.900,0.85716255
407.977,0.918597292
408.053,0.958299529
408.130,0.846031002
408.207,0.886396933
408.283,0.996746841
408.360,0.978330019
408.437,0.920862398
408.513,0.947009578
408.590,1.067829052
408.666,0.809386141
408.743,0.914434908
408.820,0.948066964
408.896,0.856382624
408.973,0.888348554
409.049,0.952896274
409.126,0.885432758
409.203,0.946080322
409.279,0.943852192
409.356,0.806715367
409.432,0.905698368
409.509,0.981495012
409.585,0.884606579
409.662,0.913080095
409.738,0.816178742
409.815,1.030734615
409.891,0.826802788
409.968,1.022256591
410.045,0.845362529
410.121,0.946968563
410.198,0.996959417
410.274,0.940768461
410.351,0.889810838
410.427,0.864042234
410.504,0.921361281
410.580,0.96761823
410.657,0.972330112
410.733,1.028566291
410.810,0.830802447
410.886,1.077863202
410.963,0.919828637
411.039,0.94354865
411.115,0.924178881
411.192,0.936182689
411.268,0.906356737
411.345,0.891184104
411.421,0.872790516
411.498,0.950948223
411.574,0.881663839
411.651,0.865301424
411.727,0.94230199
411.803,0.993532067
411.880,0.844728583
411.956,0.910371168
412.033,1.004650138
412.109,0.941354485
412.185,0.938055746
412.262,0.95741752
412.338,0.872432315
412.415,0.945034506
412.491,0.90234739
412.567,1.015665338
412.644,0.911418505
412.720,1.052050751
412.796,0.940334467
412.873,0.931315927
412.949,1.016452962
413.026,0.908261557
413.102,0.869748903
413.178,0.905238003
413.255,0.864497281
413.331,0.970889387
413.407,0.987689175
413.484,0.901736339
413.560,0.865799447
413.636,0.910192823
413.713,0.86185297
413.789,0.860539167
413.865,0.974915655
413.941,0.894516621
414.018,0.955726496
414.094,0.913303868
414.170,1.01385539
414.247,0.924714449
414.323,1.003479011
414.399,0.973780716
414.475,0.86060824
414.552,0.891983229
414.628,0.918822502
414.704,0.956335497
414.780,0.941180035
414.857,0.88969855
414.933,0.82255174
415.009,0.85561199
415.085,0.930623321
415.162,0.949514527
415.238,0.837936861
415.314,0.975470378
415.390,0.856466769
415.466,0.925800457
415.543,0.944613963
415.619,0.918222969
415.695,0.949281553
415.771,0.995098817
415.847,0.928611435
415.924,1.060591744
416.000,0.912301124
416.076,0.978758871
416.152,0.898452002
416.228,1.037490071
416.304,0.863999824
416.381,0.996347187
416.457,0.917573095
416.533,0.988524819
416.609,1.014871985
416.685,0.902229143
416.761,0.901359726
416.837,0.902452098
416.914,0.892115184
416.990,0.890179637
417.066,0.917513978
417.142,0.952166526
417.218,0.9238386
417.294,0.954140477
417.370,0.903089985
417.446,0.940292252
417.522,0.916762285
417.598,0.945013009
417.675,0.89650964
417.751,0.934198349
417.827,0.943396202
417.903,1.013855966
417.979,0.884709189
418.055,0.925165271
418.131,0.885948445
418.207,0.881181446
418.283,0.902068356
418.359,0.972712358
418.435,0.944062878
418.511,0.951020275
418.587,0.87822197
418.663,0.922160921
418.739,0.961838492
418.815,0.937247925
418.891,0.977005507
418.967,0.975771715
419.043,0.860363173
419.119,0.917059438
419.195,0.950679776
419.271,0.903375611
419.347,0.930890279
419.423,0.955773332
419.499,0.930151004
419.575,0.88122157
419.651,0.818395406
419.727,0.943727341
419.803,0.887429739
419.879,0.996398297
419.955,0.883295925
420.031,0.863422001
420.107,0.871112665
420.183,0.97085064
420.258,0.846450982
420.334,0.971983414
420.410,0.855153214
420.486,0.940616465
420.562,0.865590216
420.638,0.930335513
420.714,0.878854251
420.790,0.961795645
420.866,0.873157782
420.942,0.895520594
421.017,0.865840625
421.093,0.982501687
421.169,0.923423224
421.245,0.993990505
421.321,0.963413756
421.397,0.945735722
421.473,0.838991038
421.548,0.916522844
421.624,0.912798484
421.700,0.892207639
421.776,0.870931942
421.852,0.883158628
421.928,0.889985665
422.003,0.887309632
422.079,0.877794576
422.155,0.992762353
422.231,0.947858391
422.307,0.943948313
422.382,0.937478665
422.458,0.862590026
422.534,0.857985529
422.610,0.924333608
422.686,0.946231818
422.761,0.920214096
422.837,0.906486873
422.913,0.921411241
422.989,0.824831788
423.064,0.865161198
423.140,0.908158071
423.216,0.876832044
423.292,0.832958445
423.367,0.944679674
423.443,0.848478453
423.519,0.841125401
423.595,0.887208291
423.670,0.920558097
423.746,0.935588957
423.822,0.949613787
423.897,0.888946885
423.973,0.903540638
424.049,0.908326255
424.124,0.916075367
424.200,0.929075879
424.276,0.955651698
424.352,0.889428656
424.427,0.85446631
424.503,0.896093145
424.579,0.970953414
424.654,0.862663185
424.730,0.926494371
424.805,0.904436079
424.881,0.902761348
424.957,0.835045845
425.032,0.91870356
425.108,0.865473798
425.184,0.905968922
425.259,0.849605726
425.335,0.891736883
425.411,0.906240866
425.486,0.927199211
425.562,0.902166043
425.637,0.877053442
425.713,0.879733423
425.789,0.974015757
425.864,0.912781639
425.940,0.923533101
426.015,0.903089985
426.091,0.880482194
426.166,0.893661569
426.242,0.943866378
426.317,0.842460447
426.393,0.887706787
426.469,0.97408617
426.544,0.930881928
426.620,0.937905454
426.695,0.972273813
426.771,0.940603821
426.846,0.988229779
426.922,0.87095069
426.997,0.860727821
427.073,0.901350591
427.148,0.925461307
427.224,0.866523929
427.299,0.879673831
427.375,0.881271155
427.450,0.86055106
427.526,0.913829113
427.601,0.925743097
427.677,0.913188322
427.752,0.940373291
427.828,0.897642978
427.903,0.92575397
427.979,0.907408234
428.054,0.862483458
428.129,0.897357903
428.205,0.899233678
428.280,0.851338536
428.356,0.875925842
428.431,0.83255547
428.507,0.890188449
428.582,0.851450657
428.657,0.897056506
428.733,0.856476276
428.808,0.956880717
428.884,0.883227276
428.959,0.915207764
429.034,0.851176384
429.110,0.93369264
429.185,0.87861925
429.261,0.913338382
429.336,0.870937882
429.411,0.865154629
429.487,0.872414461
429.562,0.976918822
429.637,0.913409137
429.713,0.909484812
429.788,0.906493807
429.863,0.965995896
429.939,0.919611385
430.014,0.940685997
430.089,0.884556291
430.165,0.888507985
430.240,0.87882141
430.315,0.89261012
430.391,0.876795711
430.466,0.864750061
430.541,0.870736971
430.617,0.918521088
430.692,0.912523653
430.767,0.951830592
430.842,0.977987991
430.918,0.929599556
430.993,0.867903556
431.068,0.909039821
431.143,0.904820694
431.219,0.928537107
431.294,0.97827715
431.369,0.915768342
431.444,0.865567129
431.520,0.887072258
431.595,0.892494238
431.670,0.931944528
431.745,0.930209792
431.821,0.925874789
431.896,0.895837629
431.971,0.910828997
432.046,0.926358823
432.121,0.959359438
432.197,0.894930017
432.272,0.877753354
432.347,0.88392437
432.422,0.881413973
432.497,0.875097316
432.572,0.922760046
432.648,0.8658009
432.723,0.890345929
432.798,0.920187867
432.873,0.903918002
432.948,0.885451577
433.023,0.94049468
433.099,0.889212231
433.174,0.90741418
433.249,0.888032402
433.324,0.892108768
433.399,0.893099428
433.474,0.874922042
433.549,0.921969202
433.624,0.930226391
433.699,0.889028259
433.775,0.828931192
433.850,0.897463364
433.925,0.9146493
434.000,0.931073767
434.075,0.92931899
434.150,0.897551399
434.225,0.920397548
434.300,0.933147079
434.375,0.982071601
434.450,0.90644839
434.525,0.892559482
434.600,0.888462716
434.675,0.885693731
434.750,0.949402982
434.825,0.908383842
434.900,0.900212986
434.975,0.865683334
435.050,0.912573649
435.126,0.960005245
435.201,0.887916869
435.276,0.889017744
435.351,0.902490085
435.425,0.947155737
435.500,0.849103162
435.575,0.954242507
435.650,0.876527648
435.725,0.916584877
435.800,0.911831205
435.875,0.889007696
435.950,0.896305959
436.025,0.870525508
436.100,0.907087973
436.175,0.952123081
436.250,0.914541965
436.325,0.89580823
436.400,0.948029874
436.475,0.94170914
436.550,0.890567381
436.625,0.925282905
436.700,0.909235764
436.775,0.973746872
436.849,0.884297934
436.924,0.890456911
436.999,0.927200058
437.074,0.925932596
437.149,0.927869752
437.224,0.966444225
437.299,0.907651814
437.374,0.926797947
437.448,0.89066332
437.523,0.934424721
437.598,0.869520048
437.673,0.887200479
437.748,0.928763385
437.823,0.928230532
437.898,0.887903316
437.972,0.922159327
438.047,0.924168744
438.122,0.887535329
438.197,0.883017976
438.272,0.916971272
438.346,0.899484339
438.421,0.90950367
438.496,0.898240261
438.571,0.932310189
438.646,0.940929757
438.720,0.997312407
438.795,0.92136317
438.870,0.946124617
438.945,0.935860482
439.020,0.96334089
439.094,0.936674756
439.169,0.971265691
439.244,0.932547109
439.319,0.937437264
439.393,0.887966824
439.468,0.91191607
439.543,0.919919634
439.617,0.903400085
439.692,0.876641023
439.767,0.92823733
439.842,0.907064298
439.916,0.893189549
439.991,0.923857502
440.066,0.987066902
440.140,0.922102117
440.215,0.927830785
440.290,0.95270692
440.365,0.897062579
440.439,0.881075149
440.514,0.960321657
440.589,0.973589015
440.663,0.941034329
440.738,0.908525678
440.812,0.90073608
440.887,0.927425689
440.962,0.970420829
441.036,0.913489468
441.111,0.915207253
441.186,0.866179674
441.260,0.938047183
441.335,0.918329952
441.410,0.930755305
441.484,0.880583805
441.559,0.893607196
441.633,0.924677736
441.708,0.926658986
441.782,0.924714325
441.857,0.936421911
441.932,0.879677499
442.006,0.920779314
442.081,0.895050022
442.155,0.904949921
442.230,0.910945347
442.304,0.935914659
442.379,0.907051313
442.454,0.904315405
442.528,0.939998301
442.603,0.978693306
442.677,0.874766924
442.752,0.899058342
442.826,0.942068872
442.901,0.944097942
442.975,0.930758351
443.050,0.914962919
443.124,0.946754486
443.199,0.947406613
443.273,0.917373181
443.348,0.881017843
443.422,0.873138441
443.497,0.920986293
443.571,0.883497807
443.646,0.923726834
443.720,0.940459763
443.795,0.891256868
443.869,0.913306464
443.943,0.91995791
444.018,0.915503486
444.092,0.912834454
444.167,0.854461395
444.241,0.952589136
444.316,0.934842627
444.390,0.920837213
444.464,0.885427606
444.539,0.948125583
444.613,0.904252904
444.688,0.968197672
444.762,0.936682028
444.836,0.922400391
444.911,0.91617695
444.985,0.878172469
445.060,0.963978175
445.134,0.922125744
445.208,0.91851605
445.283,0.958612446
445.357,0.899037441
445.431,0.960961883
445.506,0.930037457
445.580,0.90853471
445.654,0.89283257
445.729,0.966664033
445.803,0.957542115
445.877,0.972527706
445.952,0.939240253
446.026,0.92115163
446.100,0.944396552
446.175,0.958688767
446.249,0.945540907
446.323,0.925237525
446.398,0.899272613
446.472,0.974155848
446.546,0.867954963
446.620,0.963207814
446.695,0.938517507
446.769,0.927887314
446.843,0.90907406
446.917,0.907609219
446.992,0.94958079
447.066,0.93647626
447.140,0.917441596
447.214,0.933828857
447.289,0.944799129
447.363,0.955772613
447.437,0.9350928
447.511,0.918951525
447.586,0.925282363
447.660,0.918084127
447.734,0.961595237
447.808,0.929004455
447.882,0.944681579
447.957,0.983903173
448.031,0.926329726
448.105,0.917529996
448.179,0.909682386
448.253,0.926359832
448.327,0.904209013
448.402,0.901792937
448.476,0.91235993
448.550,0.874839343
448.624,0.912552845
448.698,0.922978026
448.772,0.973572939
448.846,0.924069557
448.921,0.90966169
448.995,0.955595872
449.069,0.927634168
449.143,0.946046071
449.217,0.953586968
449.291,0.917168746
449.365,0.96783912
449.439,0.953972239
449.513,0.916009201
449.588,0.921529515
449.662,0.932075824
449.736,0.916903095
449.810,0.928148006
449.884,0.910001415
449.958,0.935875013
450.032,0.92900889
450.106,0.936900734
450.180,0.898357343
450.254,0.951867346
450.328,0.94687377
450.402,0.897152273
450.476,0.91560968
450.550,0.905713818
450.624,0.956592649
450.698,0.947836312
450.772,0.957714278
450.846,0.899266346
450.920,0.975487205
450.994,0.886080907
451.068,0.937852091
451.142,0.908449508
451.216,0.940989341
451.290,0.923191708
451.364,0.954668861
451.438,0.939431845
451.512,0.990603837
451.586,0.92681271
451.660,0.923466679
451.734,0.898098625
451.808,0.982906614
451.882,0.889863762
451.956,0.966260812
452.029,0.944585474
452.103,0.923599841
452.177,0.948072072
452.251,0.936350227
452.325,0.933684603
452.399,0.945609535
452.473,0.924648792
452.547,0.893643964
452.621,0.917207875
452.695,0.930855797
452.768,0.928018589
452.842,0.914914985
452.916,0.947173892
452.990,0.962423879
453.064,0.966351502
453.138,0.9200628
453.212,0.889682828
453.285,0.923211751
453.359,0.924155923
453.433,0.958575776
453.507,0.913893263
453.581,0.959257332
453.654,0.957092687
453.728,0.930040357
453.802,0.893634833
453.876,0.964986491
453.950,0.941546436
454.023,0.978355967
454.097,0.939862525
454.171,0.971125605
454.245,0.954837228
454.319,0.991817216
454.392,0.913367005
454.466,0.94348677
454.540,0.969167841
454.614,0.981583393
454.687,0.907503
454.761,0.933688916
454.835,0.937961456
454.909,0.948119028
454.982,0.919908446
455.056,0.90710012
455.130,0.92073711
455.203,0.962024636
455.277,0.947982962
455.351,0.947700461
455.425,0.964745357
455.498,0.911749807
455.572,0.920929892
455.646,0.9525273
455.719,0.966353381
455.793,0.946188755
455.867,0.913996608
455.940,0.935711052
456.014,0.94777335
456.088,0.897495732
456.161,0.944924974
456.235,0.941478459
456.308,0.910406326
456.382,0.952235015
456.456,0.960638713
456.529,1.001268561
456.603,0.930353945
456.677,0.954098582
456.750,0.921963139
456.824,0.977173573
456.897,0.955814745
456.971,0.9723447
457.045,0.954195564
457.118,0.974773797
457.192,0.946630875
457.265,0.941548237
457.339,0.932292622
457.412,0.928812916
457.486,0.940787144
457.560,0.99567432
457.633,0.912227535
457.707,0.997076675
457.780,0.967526395
457.854,0.98420253
457.927,0.934813956
458.001,0.950154163
458.074,0.958454902
458.148,0.957323098
458.221,0.934727931
458.295,0.93919416
458.368,0.975580244
458.442,0.933969854
458.515,0.905515861
458.589,0.944060205
458.662,0.919493861
458.736,0.940862345
458.809,0.967757323
458.883,0.985071345
458.956,0.917319043
459.030,0.990604864
459.103,0.938476911
459.176,0.979618805
459.250,0.926302412
459.323,0.959172723
459.397,0.987203422
459.470,0.947397727
459.544,0.960478188
459.617,0.944613095
459.690,0.935838499
459.764,0.97116154
459.837,0.966507111
459.911,0.973911222
459.984,0.899973175
460.057,0.94977901
460.131,0.974922028
460.204,0.956318955
460.277,0.952647414
460.351,0.964894726
460.424,0.923489478
460.498,0.968058209
460.571,0.934701211
460.644,0.967236399
460.718,0.921541974
460.791,0.984582491
460.864,0.982321822
460.938,1.017066979
461.011,0.946555679
461.084,0.94961043
461.157,0.943153192
461.231,0.98145235
461.304,0.96056949
461.377,0.977329328
461.451,1.022595237
461.524,0.982066979
461.597,0.956152547
461.670,0.993873789
461.744,0.926158917
461.817,0.955879151
461.890,0.971546423
461.964,0.982405427
462.037,0.985459811
462.110,0.948672039
462.183,0.966557201
462.256,0.959068266
462.330,0.974994872
462.403,0.978769407
462.476,0.953856913
462.549,0.980379611
462.623,0.98534079
462.696,0.994541903
462.769,0.96926937
462.842,0.989504699
462.915,0.951475174
462.989,0.959045064
463.062,0.982149767
463.135,0.995376627
463.208,0.981456844
463.281,0.985834325
463.354,0.970550562
463.428,0.963087915
463.501,0.953502338
463.574,0.966301206
463.647,0.946278472
463.720,0.984488481
463.793,0.974681411
463.866,0.943213135
463.939,0.948888756
464.013,0.966853076
464.086,1.011903127
464.159,0.982351942
464.232,0.944135951
464.305,1.007420267
464.378,0.978648541
464.451,1.006499167
464.524,0.97489636
464.597,0.988951159
464.670,0.959623896
464.743,0.964447119
464.816,0.996118368
464.890,0.968855529
464.963,0.973565293
465.036,1.009467089
465.109,1.011636522
465.182,0.998965581
465.255,1.006433569
465.328,0.998704884
465.401,0.981377577
465.474,0.944468942
465.547,0.979426053
465.620,0.993875519
465.693,0.991941354
465.766,0.993091579
465.839,0.964505583
465.912,0.985617739
465.985,1.012023361
466.058,0.993984968
466.131,0.979169563
466.204,1.010299955
466.277,0.975921345
466.349,0.974215206
466.422,0.9931542
466.495,0.969611007
466.568,0.972044774
466.641,1.035884582
466.714,0.970451836
466.787,1.004655573
466.860,1.006664148
466.933,0.973082649
467.006,0.999376789
467.079,1.008950784
467.152,0.975380886
467.225,1.024476213
467.297,1.009115959
467.370,0.990084024
467.443,0.993117845
467.516,1.002924551
467.589,1.000567332
467.662,1.008153824
467.735,0.989320349
467.807,0.992962402
467.880,1.009979055
467.953,0.999745392
468.026,0.997111627
468.099,1.009848367
468.172,1.035189019
468.244,1.004365439
468.317,0.98755782
468.390,0.983004889
468.463,1.001878708
468.536,0.989553986
468.608,0.977280578
468.681,1.007523447
468.754,1.013249674
468.827,1.001095012
468.900,0.986874969
468.972,1.029848889
469.045,0.984563507
469.118,1.014092006
469.191,0.990708908
469.263,1.0377456
469.336,1.021098183
469.409,0.997411451
469.482,1.016885754
469.554,0.988047797
469.627,1.028523757
469.700,0.990529168
469.772,1.018656265
469.845,1.007779682
469.918,1.020543014
469.991,1.014240437
470.063,1.010345128
470.136,1.055620512
470.209,1.036714421
470.281,1.024150457
470.354,0.98053177
470.427,1.000696318
470.499,0.978602943
470.572,1.030311912
470.645,0.988797421
470.717,1.035007746
470.790,1.010928196
470.863,1.009586695
470.935,0.999296687
471.008,1.049995089
471.080,1.061337919
471.153,1.026923306
471.226,1.008301275
471.298,0.999135407
471.371,1.002626648
471.443,1.043871755
471.516,1.017625961
471.589,1.038657478
471.661,1.027502153
471.734,1.046610651
471.806,1.028859216
471.879,1.012018011
471.952,1.010751093
472.024,1.038943369
472.097,1.037750004
472.169,1.032313748
472.242,1.008705288
472.314,1.058576655
472.387,1.015046378
472.459,1.034829047
472.532,1.052386723
472.604,1.040288744
472.677,1.015981522
472.749,1.048596944
472.822,1.036191489
472.894,1.044192482
472.967,1.023791413
473.039,1.053070708
473.112,1.052193397
473.184,1.027205672
473.257,1.025967006
473.329,1.049079968
473.402,1.002928356
473.474,1.038176149
473.547,1.017964323
473.619,1.033076099
473.691,1.040459825
473.764,1.044284219
473.836,1.037066856
473.909,1.049183264
473.981,1.002170926
474.054,1.036096343
474.126,1.015866994
474.198,1.082692449
474.271,1.045966339
474.343,1.029021452
474.415,1.038466207
474.488,1.029034359
474.560,1.053994359
474.633,1.031324388
474.705,1.026636335
474.777,1.028411528
474.850,1.039148509
474.922,1.084962881
474.994,1.058816159
475.067,1.055195628
475.139,1.041154204
475.211,1.04719059
475.284,1.027801028
475.356,1.032500251
475.428,1.065800243
475.501,1.031656985
475.573,1.049056423
475.645,1.051356326
475.718,1.031726315
475.790,1.088613204
475.862,1.061823175
475.934,1.058774099
476.007,1.061167406
476.079,1.032622384
476.151,1.030024408
476.223,1.032584432
476.296,1.062350254
476.368,1.050878569
476.440,1.034482221
476.512,1.032832913
476.585,1.032083495
476.657,1.052431544
476.729,1.042426954
476.801,1.065116877
476.874,1.048696345
476.946,1.040004397
477.018,1.025838424
477.090,1.070596373
477.162,1.046204433
477.235,1.064079344
477.307,1.044168153
477.379,1.048577008
477.451,1.040149629
477.523,1.052126167
477.595,1.039319674
477.668,1.085675368
477.740,1.068937826
477.812,1.04617012
477.884,1.054165054
477.956,1.081531992
478.028,1.057796273
478.100,1.073738209
478.172,1.059935955
478.245,1.07346963
478.317,1.045853779
478.389,1.051927631
478.461,1.054724238
478.533,1.067584389
478.605,1.071028807
478.677,1.075854544
478.749,1.059643563
478.821,1.063768526
478.893,1.062351395
478.965,1.078262231
479.037,1.081296583
479.110,1.106000227
479.182,1.085621317
479.254,1.094051814
479.326,1.07214196
479.398,1.070856878
479.470,1.088186045
479.542,1.076444959
479.614,1.073569744
479.686,1.074739346
479.758,1.076942911
479.830,1.07343098
479.902,1.076666814
479.974,1.101674976
480.046,1.073208649
480.118,1.063865828
480.190,1.080237618
480.262,1.068811056
480.334,1.090945751
480.406,1.115801727
480.477,1.082767991
480.549,1.082617963
480.621,1.096450602
480.693,1.104889399
480.765,1.081114406
480.837,1.087180826
480.909,1.079294859
480.981,1.102811224
481.053,1.073602091
481.125,1.071544251
481.197,1.074603091
481.269,1.085984365
481.340,1.095777609
481.412,1.087745709
481.484,1.090928161
481.556,1.088008932
481.628,1.080266544
481.700,1.086419031
481.772,1.072223732
481.844,1.090209007
481.915,1.07645154
481.987,1.074694505
482.059,1.09943148
482.131,1.065229428
482.203,1.105406045
482.275,1.09308645
482.346,1.093092381
482.418,1.077259233
482.490,1.105784222
482.562,1.076549202
482.634,1.099542812
482.705,1.11970781
482.777,1.102948842
482.849,1.101231385
482.921,1.091738804
482.992,1.12757755
483.064,1.089135194
483.136,1.081991535
483.208,1.104299284
483.279,1.11645542
483.351,1.093209366
483.423,1.124374199
483.495,1.086484594
483.566,1.128831284
483.638,1.105617418
483.710,1.152452613
483.782,1.11065938
483.853,1.095525865
483.925,1.108576679
483.997,1.138764939
484.068,1.111231225
484.140,1.114593979
484.212,1.105697485
484.283,1.092086197
484.355,1.101828306
484.427,1.118411873
484.498,1.105254557
484.570,1.123224836
484.642,1.118863354
484.713,1.099519357
484.785,1.114397976
484.857,1.135629855
484.928,1.110248462
485.000,1.146642256
485.071,1.119345654
485.143,1.129728523
485.215,1.123289068
485.286,1.113103242
485.358,1.115663458
485.429,1.12175381
485.501,1.12530505
485.573,1.121621684
485.644,1.133967774
485.716,1.1299465
485.787,1.132148131
485.859,1.124799446
485.930,1.141389402
486.002,1.140282366
486.074,1.12827618
486.145,1.106653287
486.217,1.117469485
486.288,1.120773089
486.360,1.134409956
486.431,1.143894181
486.503,1.130579209
486.574,1.128321441
486.646,1.125848197
486.717,1.143856522
486.789,1.094854873
486.860,1.156237743
486.932,1.130786293
487.003,1.130757675
487.075,1.119391901
487.146,1.135776261
487.217,1.142390084
487.289,1.158811272
487.360,1.139836014
487.432,1.161851808
487.503,1.148519648
487.575,1.126922384
487.646,1.131013099
487.718,1.150574198
487.789,1.146283111
487.860,1.167510134
487.932,1.153501422
488.003,1.151841808
488.075,1.143169445
488.146,1.133141289
488.217,1.157776801
488.289,1.157600191
488.360,1.122944835
488.431,1.130870112
488.503,1.152479831
488.574,1.135541004
488.646,1.160098565
488.717,1.173026484
488.788,1.125178469
488.860,1.145300619
488.931,1.166696271
489.002,1.146884354
489.074,1.140381965
489.145,1.138701016
489.216,1.163931543
489.287,1.174597173
489.359,1.152105271
489.430,1.170909323
489.501,1.151050199
489.573,1.152969094
489.644,1.158489863
489.715,1.166415058
489.786,1.175958221
489.858,1.180255776
489.929,1.16596752
490.000,1.155665829
490.071,1.167838906
490.143,1.156796283
490.214,1.146877894
490.285,1.159440046
490.356,1.164061126
490.428,1.148617841
490.499,1.174756037
490.570,1.168478829
490.641,1.151421146
490.712,1.15100945
490.784,1.166403565
490.855,1.183476104
490.926,1.170400257
490.997,1.168637816
491.068,1.16698288
491.140,1.167657262
491.211,1.178130876
491.282,1.170057306
491.353,1.167382917
491.424,1.177132315
491.495,1.15903536
491.566,1.176677938
491.638,1.165186139
491.709,1.187580625
491.780,1.188681647
491.851,1.177250658
491.922,1.166048915
491.993,1.167329976
492.064,1.169749231
492.135,1.177683382
492.206,1.1789741
492.277,1.170451439
492.349,1.171795612
492.420,1.15097501
492.491,1.164264462
492.562,1.203055326
492.633,1.17249026
492.704,1.203329484
492.775,1.154079705
492.846,1.188999683
492.917,1.183914104
492.988,1.194347584
493.059,1.204959954
493.130,1.203898232
493.201,1.185167449
493.272,1.204023472
493.343,1.191832089
493.414,1.196808044
493.485,1.193570913
493.556,1.198068967
493.627,1.164714105
493.698,1.20722955
493.769,1.194588371
493.840,1.189919051
493.911,1.198384175
493.982,1.211486606
494.053,1.189110585
494.124,1.185227082
494.195,1.191412191
494.266,1.197493141
494.336,1.213764551
494.407,1.185121542
494.478,1.182232165
494.549,1.212907987
494.620,1.186471638
494.691,1.199271667
494.762,1.201390411
494.833,1.20834518
494.904,1.18426056
494.975,1.170124014
495.045,1.204403053
495.116,1.214746952
495.187,1.219181813
495.258,1.215611412
495.329,1.197422877
495.400,1.215653172
495.471,1.19479094
495.541,1.180636043
495.612,1.175795855
495.683,1.198369772
495.754,1.205044339
495.825,1.21790354
495.895,1.185352135
495.966,1.193349719
496.037,1.20273467
496.108,1.199143354
496.179,1.200758055
496.249,1.221809084
496.320,1.209105431
496.391,1.235370193
496.462,1.203709124
496.533,1.219618269
496.603,1.212175748
496.674,1.227996463
496.745,1.20034049
496.815,1.217385962
496.886,1.196445669
496.957,1.244693695
497.028,1.195864435
497.098,1.230709788
497.169,1.224747568
497.240,1.203609269
497.311,1.210687456
497.381,1.196846843
497.452,1.220079619
497.523,1.223614341
497.593,1.231658104
497.664,1.212439724
497.735,1.206659298
497.805,1.243952617
497.876,1.219352548
497.947,1.215236274
498.017,1.20271171
498.088,1.24052069
498.158,1.210961062
498.229,1.219875412
498.300,1.233838399
498.370,1.232532801
498.441,1.228916785
498.512,1.209555978
498.582,1.243681065
498.653,1.211910459
498.723,1.214107486
498.794,1.219022754
498.865,1.195395829
498.935,1.229271745
499.006,1.207906796
499.076,1.23707639
499.147,1.253059709
499.217,1.233640193
499.288,1.228687901
499.358,1.242980802
499.429,1.228073281
499.500,1.245098045
499.570,1.23726763
499.641,1.214981455
499.711,1.243108217
499.782,1.2367671
499.852,1.233769481
499.923,1.265417887
499.993,1.234296041
500.064,1.243680592
500.134,1.219730347
500.205,1.216616597
500.275,1.224106007
500.345,1.233785417
500.416,1.239273008
500.486,1.229023119
500.557,1.247222119
500.627,1.239753036
500.698,1.211244373
500.768,1.235614457
500.839,1.223094978
500.909,1.235098824
500.979,1.239563248
501.050,1.248089852
501.120,1.22351348
501.191,1.225563806
501.261,1.22990052
501.331,1.243819517
501.402,1.234383649
501.472,1.25699868
501.543,1.220486171
501.613,1.236285524
501.683,1.25604198
501.754,1.231863116
501.824,1.236320892
501.894,1.218638139
501.965,1.24376297
502.035,1.243544973
502.105,1.250671687
502.176,1.232369925
502.246,1.241304333
502.316,1.238617786
502.387,1.263774971
502.457,1.245587246
502.527,1.230881071
502.598,1.258469475
502.668,1.227343865
502.738,1.247076408
502.808,1.242110132
502.879,1.256680025
502.949,1.253911596
503.019,1.238972456
503.089,1.243205277
503.160,1.251483811
503.230,1.257837193
503.300,1.261645325
503.370,1.237615677
503.441,1.258397069
503.511,1.257325791
503.581,1.25191943
503.651,1.238740576
503.721,1.259045085
503.792,1.258026716
503.862,1.254895917
503.932,1.257511423
504.002,1.278777914
504.072,1.245519909
504.143,1.246771347
504.213,1.253316003
504.283,1.262099722
504.353,1.262359149
504.423,1.256026212
504.493,1.28074292
504.564,1.279993563
504.634,1.24168786
504.704,1.250254595
504.774,1.236725576
504.844,1.257494521
504.914,1.25130281
504.984,1.282060194
505.054,1.260258689
505.124,1.249153221
505.195,1.283703803
505.265,1.260749237
505.335,1.257602318
505.405,1.275353131
505.475,1.24380844
505.545,1.298695455
505.615,1.27616405
505.685,1.270120367
505.755,1.269151378
505.825,1.264309778
505.895,1.276182644
505.965,1.266050429
506.035,1.271677553
506.105,1.244653527
506.175,1.263324543
506.245,1.258032052
506.315,1.278671029
506.385,1.286800637
506.455,1.277595006
506.525,1.266994204
506.595,1.242848563
506.665,1.246932339
506.735,1.26471752
506.805,1.271322968
506.875,1.264444481
506.945,1.272058687
507.015,1.306501362
507.085,1.275490927
507.155,1.258226496
507.225,1.29755161
507.295,1.24405664
507.365,1.269060787
507.434,1.267372223
507.504,1.264118779
507.574,1.287997767
507.644,1.286531584
507.714,1.294897156
507.784,1.301753603
507.854,1.290898435
507.924,1.344431664
507.994,1.278445373
508.063,1.299213735
508.133,1.283013351
508.203,1.287827218
508.273,1.256313727
508.343,1.27444651
508.413,1.284395985
508.483,1.292309739
508.552,1.299875875
508.622,1.305971198
508.692,1.298202515
508.762,1.282604683
508.832,1.26356265
508.901,1.264688089
508.971,1.275447809
509.041,1.24669305
509.111,1.252238841
509.181,1.259414212
509.250,1.267113672
509.320,1.282929875
509.390,1.298661225
509.460,1.315056583
509.529,1.293056907
509.599,1.309337636
509.669,1.286423353
509.739,1.268083443
509.808,1.281871487
509.878,1.295147505
509.948,1.259505526
510.017,1.262664291
510.087,1.23391503
510.157,1.261242911
510.227,1.275025823
510.296,1.330498656
510.366,1.29591563
510.436,1.341220494
510.505,1.298730347
510.575,1.283807406
510.645,1.281349563
510.714,1.286080006
510.784,1.258174131
510.854,1.275348952
510.923,1.275902565
510.993,1.234477867
511.062,1.269022309
511.132,1.254881878
511.202,1.331841262
511.271,1.29423532
511.341,1.309109099
511.410,1.306629094
511.480,1.293419511
511.550,1.262927763
511.619,1.278970258
511.689,1.323277958
511.758,1.276038607
511.828,1.275376768
511.897,1.256338678
511.967,1.278945922
512.037,1.260057625
512.106,1.260924806
512.176,1.281010626
512.245,1.301074879
512.315,1.311765127
512.384,1.322230611
512.454,1.286473017
512.523,1.297150052
512.593,1.308076644
512.662,1.281811704
512.732,1.284354238
512.801,1.277977685
512.871,1.25096362
512.940,1.259422082
513.010,1.255102956
513.079,1.232964189
513.149,1.240050226
513.218,1.276959573
513.288,1.311719979
513.357,1.357082928
513.426,1.345704145
513.496,1.325239072
513.565,1.284196483
513.635,1.325438688
513.704,1.274064935
513.773,1.274303958
513.843,1.287433732
513.912,1.289709273
513.982,1.275209778
514.051,1.278128136
514.120,1.245472303
514.190,1.277880036
514.259,1.260459073
514.329,1.242385068
514.398,1.295375154
514.467,1.330199978
514.537,1.334646582
514.606,1.344080572
514.675,1.313524968
514.745,1.296507684
514.814,1.274921628
514.883,1.273818888
514.953,1.293286429
515.022,1.291420135
515.091,1.26882934
515.160,1.254567887
515.230,1.226662174
515.299,1.254924317
515.368,1.24052898
515.438,1.244773547
515.507,1.264313606
515.576,1.319599815
515.645,1.315689765
515.715,1.353757489
515.784,1.291063221
515.853,1.315445795
515.922,1.295316891
515.992,1.301876788
516.061,1.292711205
516.130,1.311073172
516.199,1.295266528
516.268,1.257393576
516.338,1.256476657
516.407,1.269007741
516.476,1.26730446
516.545,1.25653878
516.614,1.233071781
516.684,1.234727934
516.753,1.246071419
516.822,1.340982012
516.891,1.343489322
516.960,1.352666446
517.029,1.338568681
517.099,1.333969703
517.168,1.30165498
517.237,1.297452301
517.306,1.288685714
517.375,1.276136864
517.444,1.278953279
517.513,1.27074989
517.582,1.270689185
517.651,1.273064236
517.721,1.233042322
517.790,1.270559427
517.859,1.233289139
517.928,1.239518158
517.997,1.238687302
518.066,1.318907739
518.135,1.337971727
518.204,1.327277131
518.273,1.328197378
518.342,1.341532841
518.411,1.323671231
518.480,1.308413515
518.549,1.292245045
518.618,1.30758952
518.687,1.269149191
518.756,1.271000949
518.825,1.258149903
518.894,1.276167664
518.963,1.251563281
519.032,1.274769515
519.101,1.23647209
519.170,1.223059721
519.239,1.233044842
519.308,1.242929091
519.377,1.261715231
519.446,1.309362064
519.515,1.379861424
519.584,1.355111308
519.653,1.376492275
519.722,1.354858129
519.791,1.310225586
519.859,1.325418232
519.928,1.314595538
519.997,1.299224825
520.066,1.281612443
520.135,1.308577986
520.204,1.241702226
520.273,1.27878622
520.342,1.268333072
520.411,1.259023776
520.479,1.228309373
520.548,1.267379133
520.617,1.237421035
520.686,1.216669742
520.755,1.224044982
520.824,1.267866129
520.893,1.322414656
520.961,1.381347499
521.030,1.330323133
521.099,1.350050619
521.168,1.353283471
521.237,1.317927971
521.305,1.317153074
521.374,1.331819217
521.443,1.31155436
521.512,1.298196788
521.581,1.274586465
521.649,1.291692037
521.718,1.304101129
521.787,1.281162748
521.856,1.28976761
521.924,1.271348234
521.993,1.268914999
522.062,1.261650049
522.130,1.248392551
522.199,1.233815149
522.268,1.234293068
522.337,1.335096074
522.405,1.382675251
522.474,1.387368378
522.543,1.371287174
522.611,1.36926241
522.680,1.349014726
522.749,1.38180091
522.817,1.337488357
522.886,1.32421846
522.955,1.321821197
523.023,1.317770262
523.092,1.287627169
523.161,1.283392458
523.229,1.248822387
523.298,1.299730231
523.367,1.254541394
523.435,1.263752958
523.504,1.254229551
523.572,1.219836101
523.641,1.225279442
523.710,1.228043964
523.778,1.229894591
523.847,1.298040737
523.915,1.343349031
523.984,1.400491872
524.053,1.356037631
524.121,1.380713604
524.190,1.352140091
524.258,1.337927916
524.327,1.333171408
524.395,1.315585815
524.464,1.301802938
524.532,1.297442966
524.601,1.314989167
524.669,1.299171046
524.738,1.280934038
524.806,1.271520016
524.875,1.258780862
524.943,1.249940041
525.012,1.254430275
525.080,1.233156394
525.149,1.247189391
525.217,1.233466488
525.286,1.223466576
525.354,1.214890376
525.423,1.225081959
525.491,1.327837669
525.560,1.352051439
525.628,1.432010925
525.696,1.388730144
525.765,1.360493936
525.833,1.354408891
525.902,1.362381003
525.970,1.331970277
526.038,1.302434765
526.107,1.330084495
526.175,1.292490569
526.244,1.290060909
526.312,1.292475796
526.380,1.307173688
526.449,1.289184396
526.517,1.266065349
526.585,1.249453038
526.654,1.257083058
526.722,1.256973767
526.791,1.249434969
526.859,1.220156241
526.927,1.228708845
526.996,1.217357381
527.064,1.220591137
527.132,1.262374118
527.200,1.326803728
527.269,1.444273451
527.337,1.392403283
527.405,1.392629643
527.474,1.373560763
527.542,1.355703713
527.610,1.358713863
527.678,1.332532545
527.747,1.341344578
527.815,1.337453976
527.883,1.26700446
527.951,1.300335408
528.020,1.288437859
528.088,1.276077084
528.156,1.281787148
528.224,1.262643351
528.293,1.250354623
528.361,1.243837174
528.429,1.230470014
528.497,1.233466021
528.565,1.224225213
528.633,1.2227478
528.702,1.215078799
528.770,1.2249428
528.838,1.222416906
528.906,1.288309162
528.974,1.347526203
529.042,1.411960015
529.111,1.383345118
529.179,1.394958305
529.247,1.363573048
529.315,1.352501482
529.383,1.332276453
529.451,1.354250141
529.519,1.318989167
529.587,1.307718743
529.656,1.294830354
529.724,1.27714531
529.792,1.278192696
529.860,1.263640751
529.928,1.258772783
529.996,1.243705999
530.064,1.227699749
530.132,1.229960755
530.200,1.248584158
530.268,1.225884057
530.336,1.208347687
530.404,1.217644721
530.472,1.197128735
530.540,1.194301299
530.608,1.192777497
530.676,1.219299318
530.744,1.296860205
530.812,1.358429665
530.880,1.389401142
530.948,1.386098662
531.016,1.335857565
531.084,1.361686603
531.152,1.351917383
531.220,1.377049594
531.288,1.322949553
531.356,1.318171917
531.424,1.274898086
531.492,1.280914761
531.560,1.269562377
531.628,1.27698545
531.696,1.254867595
531.764,1.246694751
531.832,1.219407112
531.900,1.225447707
531.967,1.21545373
532.035,1.202537924
532.103,1.210977076
532.171,1.199949275
532.239,1.190233716
532.307,1.187423818
532.375,1.196966052
532.443,1.186176517
532.510,1.165628052
532.578,1.215389042
532.646,1.282191536
532.714,1.371970807
532.782,1.40692192
532.850,1.394389501
532.917,1.363672886
532.985,1.370423439
533.053,1.317375771
533.121,1.316113391
533.189,1.302206393
533.256,1.314018148
533.324,1.262903086
533.392,1.267778063
533.460,1.244439918
533.527,1.251775934
533.595,1.224202466
533.663,1.238671688
533.731,1.231485998
533.799,1.241572441
533.866,1.183215765
533.934,1.200589955
534.002,1.171598163
534.069,1.180279338
534.137,1.169363414
534.205,1.179865653
534.273,1.169368862
534.340,1.175461167
534.408,1.163760982
534.476,1.184567997
534.543,1.182284676
534.611,1.24375106
534.679,1.3445112
534.746,1.366422954
534.814,1.365206792
534.882,1.347591622
534.949,1.356996711
535.017,1.345164666
535.085,1.341237446
535.152,1.295291754
535.220,1.281053849
535.287,1.260274903
535.355,1.264037195
535.423,1.2599048
535.490,1.237333834
535.558,1.246730744
535.625,1.244843847
535.693,1.231316847
535.761,1.221222008
535.828,1.218168409
535.896,1.216275589
535.963,1.220651888
536.031,1.22368483
536.098,1.183251882
536.166,1.169109713
536.233,1.186611916
536.301,1.168645079
536.368,1.159563904
536.436,1.147654191
536.503,1.160073652
536.571,1.164593555
536.638,1.223150704
536.706,1.37147653
536.773,1.405335108
536.841,1.389063605
536.908,1.361870241
536.976,1.332930355
537.043,1.351947062
537.111,1.330811313
537.178,1.325890425
537.246,1.314837108
537.313,1.27507765
537.381,1.270472954
537.448,1.279484015
537.515,1.248036539
537.583,1.276643579
537.650,1.262151276
537.718,1.242822996
537.785,1.238659584
537.852,1.223585173
537.920,1.20786119
537.987,1.210204317
538.055,1.17777179
538.122,1.177619435
538.189,1.162747627
538.257,1.160244889
538.324,1.16562655
538.391,1.17521178
538.459,1.13196949
538.526,1.150109456
538.593,1.137688935
538.661,1.145398467
538.728,1.168213364
538.795,1.272089716
538.863,1.36175832
538.930,1.377248015
538.997,1.372806483
539.064,1.367582525
539.132,1.345918025
539.199,1.335128547
539.266,1.30789496
539.334,1.337214689
539.401,1.315233117
539.468,1.299407528
539.535,1.277448088
539.603,1.311452858
539.670,1.279381045
539.737,1.262092972
539.804,1.22566395
539.871,1.238532131
539.939,1.223693102
540.006,1.222332343
540.073,1.196001716
540.140,1.204323254
540.207,1.194495664
540.275,1.182251565
540.342,1.174459023
540.409,1.163071646
540.476,1.1373117
540.543,1.159343928
540.610,1.136674914
540.678,1.135351142
540.745,1.145052469
540.812,1.153860728
540.879,1.160671253
540.946,1.195592638
541.013,1.304051095
541.080,1.382179716
541.147,1.393080772
541.215,1.367794862
541.282,1.341155662
541.349,1.372018545
541.416,1.337686333
541.483,1.322442262
541.550,1.327791027
541.617,1.32355999
541.684,1.282497627
541.751,1.275519638
541.818,1.252276216
541.885,1.255969386
541.952,1.255583261
542.019,1.25867408
542.086,1.227224818
542.153,1.239934857
542.220,1.208377902
542.287,1.199277315
542.354,1.18031827
542.421,1.187551095
542.488,1.174358224
542.555,1.175504317
542.622,1.173021325
542.689,1.17610143
542.756,1.150563058
542.823,1.153734335
542.890,1.146853773
542.957,1.142863022
543.024,1.15976103
543.091,1.154027016
543.158,1.156681034
543.225,1.209525052
543.292,1.297702508
543.359,1.368150292
543.425,1.359882713
543.492,1.367063832
543.559,1.344836502
543.626,1.348993742
543.693,1.328114006
543.760,1.321293641
543.827,1.304392971
543.894,1.302364538
543.960,1.274727688
544.027,1.254890952
544.094,1.265526137
544.161,1.244360609
544.228,1.236349044
544.295,1.227049336
544.361,1.203245126
544.428,1.196331969
544.495,1.189186965
544.562,1.196934989
544.629,1.193887554
544.695,1.184011557
544.762,1.1500423
544.829,1.163412167
544.896,1.153834912
544.963,1.156530915
545.029,1.154921925
545.096,1.182769366
545.163,1.17261931
545.230,1.168686778
545.296,1.16312071
545.363,1.157531841
545.430,1.15382477
545.496,1.167218512
545.563,1.165294325
545.630,1.272497123
545.697,1.340395548
545.763,1.358873319
545.830,1.314644912
545.897,1.349274021
545.963,1.351893587
546.030,1.321333068
546.097,1.313370881
546.163,1.2972846
546.230,1.27713641
546.297,1.267246545
546.363,1.260668778
546.430,1.258753661
546.496,1.225605014
546.563,1.248098818
546.630,1.23668902
546.696,1.190950349
546.763,1.19833312
546.830,1.191947473
546.896,1.172044913
546.963,1.178600336
547.029,1.168782177
547.096,1.174412313
547.162,1.17385073
547.229,1.14394408
547.296,1.167373374
547.362,1.184038778
547.429,1.164194442
547.495,1.17397267
547.562,1.157516283
547.628,1.14484264
547.695,1.123012637
547.761,1.156499348
547.828,1.130939302
547.894,1.133680234
547.961,1.138485373
548.027,1.191167279
548.094,1.244181006
548.160,1.318423892
548.227,1.3380934
548.293,1.321564786
548.360,1.296497354
548.426,1.308424168
548.493,1.262758191
548.559,1.278793349
548.625,1.257775016
548.692,1.234405664
548.758,1.228503054
548.825,1.221338681
548.891,1.215762242
548.958,1.20314136
549.024,1.200605336
549.090,1.198057847
549.157,1.195108444
549.223,1.168602224
549.289,1.156941482
549.356,1.160950581
549.422,1.166077257
549.489,1.146676731
549.555,1.152496842
549.621,1.164653752
549.688,1.176130367
549.754,1.199713751
549.820,1.164052164
549.887,1.180273742
549.953,1.166430013
550.019,1.164233343
550.086,1.142029596
550.152,1.147259791
550.218,1.133127746
550.284,1.132077136
550.351,1.131740031
550.417,1.121478829
550.483,1.141522369
550.549,1.164134279
550.616,1.253821454
550.682,1.295111817
550.748,1.300970578
550.814,1.30445503
550.881,1.271394379
550.947,1.263162561
551.013,1.245338982
551.079,1.221930961
551.146,1.238655504
551.212,1.197813513
551.278,1.21120383
551.344,1.237549206
551.410,1.192951174
551.477,1.187139564
551.543,1.188788494
551.609,1.198167233
551.675,1.161387588
551.741,1.161091034
551.807,1.143625562
551.873,1.155876352
551.940,1.160136654
552.006,1.157890782
552.072,1.192457411
552.138,1.197814236
552.204,1.177943512
552.270,1.182053666
552.336,1.179543973
552.402,1.17921534
552.468,1.161683214
552.535,1.154749206
552.601,1.126167236
552.667,1.129816476
552.733,1.115411992
552.799,1.128748431
552.865,1.115354402
552.931,1.097632014
552.997,1.098900055
553.063,1.091018634
553.129,1.104861748
553.195,1.204179155
553.261,1.269681793
553.327,1.263935592
553.393,1.252495711
553.459,1.262109126
553.525,1.224583206
553.591,1.22986169
553.657,1.218373439
553.723,1.205392452
553.789,1.195732233
553.855,1.198926214
553.921,1.170544362
553.987,1.190317067
554.053,1.161770174
554.119,1.174635278
554.185,1.150506455
554.251,1.12495512
554.316,1.119693699
554.382,1.11815277
554.448,1.139873178
554.514,1.14267187
554.580,1.159291309
554.646,1.185165072
554.712,1.175517748
554.778,1.178588747
554.844,1.149485162
554.909,1.14885717
554.975,1.155251556
555.041,1.128371082
555.107,1.127703265
555.173,1.144468214
555.239,1.121335985
555.304,1.123635328
555.370,1.092450498
555.436,1.095096978
555.502,1.091690801
555.568,1.086604592
555.634,1.093709082
555.699,1.093944463
555.765,1.105315989
555.831,1.091918766
555.897,1.182977897
555.962,1.244157551
556.028,1.246362051
556.094,1.243229356
556.160,1.215417878
556.225,1.214120672
556.291,1.193563943
556.357,1.210826839
556.423,1.155829611
556.488,1.174551291
556.554,1.190793729
556.620,1.163800227
556.685,1.14102586
556.751,1.135879122
556.817,1.129816162
556.882,1.114964619
556.948,1.110240487
557.014,1.117576484
557.079,1.112956217
557.145,1.146432826
557.211,1.203933489
557.276,1.190767108
557.342,1.180599118
557.408,1.148066214
557.473,1.163143313
557.539,1.160961474
557.605,1.152675036
557.670,1.134558628
557.736,1.108162566
557.801,1.111551935
557.867,1.121465348
557.933,1.11184547
557.998,1.09577205
558.064,1.121553359
558.129,1.093447399
558.195,1.086958667
558.260,1.06045216
558.326,1.074606536
558.391,1.076547754
558.457,1.073161137
558.523,1.052351995
558.588,1.079161659
558.654,1.115213218
558.719,1.167613155
558.785,1.181882791
558.850,1.202550995
558.916,1.17918374
558.981,1.199126846
559.047,1.151808249
559.112,1.164882148
559.177,1.143373576
559.243,1.13770244
559.308,1.134613827
559.374,1.125445486
559.439,1.100025728
559.505,1.10796657
559.570,1.096761846
559.636,1.103352865
559.701,1.096170261
559.766,1.090073212
559.832,1.145921374
559.897,1.169176153
559.963,1.170265676
560.028,1.173656193
560.093,1.158546361
560.159,1.159597686
560.224,1.141792018
560.289,1.125132397
560.355,1.143579632
560.420,1.130775437
560.485,1.119795675
560.551,1.107986309
560.616,1.11355256
560.681,1.10085662
560.747,1.085231861
560.812,1.097820807
560.877,1.086720606
560.943,1.073794185
561.008,1.07093652
561.073,1.074305999
561.139,1.046929674
561.204,1.065959632
561.269,1.044125552
561.334,1.032539041
561.400,1.021829442
561.465,1.065151877
561.530,1.095124625
561.595,1.151427924
561.661,1.168566825
561.726,1.164765662
561.791,1.160536851
561.856,1.141405225
561.921,1.128745995
561.987,1.137477658
562.052,1.112961405
562.117,1.1221813
562.182,1.124053906
562.247,1.080157757
562.313,1.088089397
562.378,1.079856184
562.443,1.100850397
562.508,1.110211128
562.573,1.152217893
562.638,1.187487608
562.704,1.206972984
562.769,1.195517701
562.834,1.159450024
562.899,1.161752074
562.964,1.14270037
563.029,1.135350556
563.094,1.139441992
563.159,1.118819422
563.224,1.117966259
563.289,1.108270804
563.355,1.114139588
563.420,1.096472177
563.485,1.088682607
563.550,1.086018331
563.615,1.077409842
563.680,1.054892682
563.745,1.058411586
563.810,1.04681125
563.875,1.054739657
563.940,1.036508454
564.005,1.054680792
564.070,1.052010196
564.135,1.033708938
564.200,1.03647596
564.265,1.04533072
564.330,1.031579026
564.395,1.037441055
564.460,1.064960669
564.525,1.109675185
564.590,1.14140285
564.655,1.114353421
564.720,1.112445647
564.785,1.095335029
564.849,1.118839864
564.914,1.074805369
564.979,1.104723793
565.044,1.095036366
565.109,1.069669666
565.174,1.078808989
565.239,1.077621519
565.304,1.060806061
565.369,1.1146851
565.434,1.158138593
565.498,1.187430403
565.563,1.157708056
565.628,1.196535128
565.693,1.168562468
565.758,1.150215333
565.823,1.145392082
565.887,1.144529784
565.952,1.112529061
566.017,1.113153795
566.082,1.121973433
566.147,1.098286384
566.212,1.09634007
566.276,1.095999386
566.341,1.0845496
566.406,1.079944761
566.471,1.063697544
566.535,1.088469307
566.600,1.062896108
566.665,1.067485244
566.730,1.068474565
566.794,1.050617246
566.859,1.038282722
566.924,1.058996561
566.989,1.048117657
567.053,1.031738913
567.118,1.02043137
567.183,1.023745155
567.247,1.018394883
567.312,1.021531279
567.377,1.012486526
567.442,1.024562619
567.506,1.021194234
567.571,1.077845677
567.636,1.088782677
567.700,1.084368869
567.765,1.077015915
567.830,1.06313459
567.894,1.08095926
567.959,1.059389914
568.023,1.070028097
568.088,1.073182525
568.153,1.05602497
568.217,1.058570637
568.282,1.061766638
568.346,1.129631308
568.411,1.169639676
568.476,1.170142522
568.540,1.152065784
568.605,1.161947914
568.669,1.135485529
568.734,1.128540683
568.798,1.127218158
568.863,1.111088758
568.928,1.104389743
568.992,1.107547949
569.057,1.084585486
569.121,1.086013681
569.186,1.097702231
569.250,1.089802541
569.315,1.077238436
569.379,1.078012531
569.444,1.06238624
569.508,1.070819071
569.573,1.063519787
569.637,1.056842264
569.701,1.054292285
569.766,1.043097799
569.830,1.024926535
569.895,1.03595475
569.959,1.025920728
570.024,1.02792368
570.088,1.012347027
570.153,1.025877589
570.217,1.012550401
570.281,1.002890274
570.346,1.012471321
570.410,1.003830097
570.475,0.990765612
570.539,0.986363441
570.603,1.002322141
570.668,1.015334937
570.732,1.035468744
570.796,1.079976364
570.861,1.060440725
570.925,1.050728228
570.989,1.030915024
571.054,1.041402477
571.118,1.035178576
571.182,1.02509126
571.247,1.029393556
571.311,1.039712285
571.375,1.092013774
571.440,1.135548616
571.504,1.13966368
571.568,1.149876404
571.632,1.135633229
571.697,1.134276042
571.761,1.109739816
571.825,1.097261405
571.889,1.102811256
571.954,1.092814206
572.018,1.072057888
572.082,1.071996204
572.146,1.084095701
572.211,1.069252254
572.275,1.060796895
572.339,1.067518046
572.403,1.066091209
572.467,1.053953125
572.532,1.047711216
572.596,1.053534055
572.660,1.031433204
572.724,1.047724286
572.788,1.046180261
572.852,1.045311156
572.917,1.024381166
572.981,1.018443631
573.045,1.0059558
573.109,1.011003502
573.173,0.991874403
573.237,1.008562356
573.301,0.986097499
573.365,1.005671696
573.430,0.973692159
573.494,0.991814555
573.558,0.994950982
573.622,0.978798393
573.686,0.957463644
573.750,0.970460425
573.814,0.969886744
573.878,0.992821739
573.942,0.993813125
574.006,1.014621617
574.070,1.004250548
574.134,1.019268796
574.198,1.000569224
574.262,1.007972211
574.326,1.009693681
574.390,1.012503118
574.454,1.021730183
574.518,1.07051319
574.582,1.102894301
574.646,1.10093312
574.710,1.080757632
574.774,1.094930201
574.838,1.1001485
574.902,1.087765188
574.966,1.08235966
575.030,1.071193858
575.094,1.060637731
575.158,1.049883569
575.222,1.057231894
575.286,1.058658645
575.350,1.069013268
575.413,1.058073154
575.477,1.037806595
575.541,1.042925082
575.605,1.049159887
575.669,1.036067636
575.733,1.018505984
575.797,1.030075466
575.861,1.022467718
575.924,1.019781824
575.988,1.010826207
576.052,0.996581519
576.116,1.005999495
576.180,1.004813255
576.244,0.976262361
576.307,0.992064699
576.371,0.975051751
576.435,0.992380601
576.499,0.975250424
576.563,0.977743627
576.626,0.976646204
576.690,0.973625463
576.754,0.973640567
576.818,0.96363912
576.881,0.95365008
576.945,0.960136824
577.009,0.949077141
577.073,0.956748645
577.136,0.947339288
577.200,0.960027503
577.264,0.958985716
577.328,0.978270716
577.391,0.971227737
577.455,0.991216115
577.519,0.992645711
577.582,0.974788898
577.646,0.992622955
577.710,1.023751573
577.773,1.047695581
577.837,1.076639535
577.901,1.066672088
577.964,1.078515009
578.028,1.064876
578.092,1.043497187
578.155,1.056797552
578.219,1.041555253
578.283,1.060264355
578.346,1.043012597
578.410,1.059691222
578.473,1.055950146
578.537,1.059676789
578.601,1.06210213
578.664,1.035693833
578.728,1.046580891
578.791,1.0508328
578.855,1.032932392
578.918,1.017516647
578.982,1.022423721
579.045,1.012333565
579.109,1.012124823
579.172,0.992986182
579.236,0.99520089
579.300,1.002014345
579.363,0.998884211
579.427,0.994405469
579.490,0.987489086
579.554,0.973349
579.617,0.973953039
579.680,0.969651627
579.744,0.968160595
579.807,0.954952467
579.871,0.971629316
579.934,0.95045661
579.998,0.967134276
580.061,0.960613142
580.125,0.945128486
580.188,0.947020098
580.251,0.949841785
580.315,0.935646577
580.378,0.932753097
580.442,0.945858786
580.505,0.929552013
580.568,0.926645511
580.632,0.941392322
580.695,0.941630936
580.759,0.943501675
580.822,0.94816836
580.885,0.965399689
580.949,0.954511715
581.012,0.974566994
581.075,0.998169048
581.139,1.037341189
581.202,1.039907667
581.265,1.027742726
581.329,1.019259199
581.392,1.020127716
581.455,1.010636313
581.518,1.022965977
581.582,1.025027652
581.645,1.043040703
581.708,1.056089491
581.772,1.043313593
581.835,1.049617743
581.898,1.040740037
581.961,1.024001443
582.025,1.021044218
582.088,1.011765995
582.151,1.02553939
582.214,1.020689127
582.277,1.005238138
582.341,0.996285638
582.404,0.993331828
582.467,0.999215476
582.530,0.9906315
582.593,0.980396861
582.657,0.989499712
582.720,0.963211025
582.783,0.962504687
582.846,0.966898758
582.909,0.969670611
582.972,0.954439846
583.036,0.947752781
583.099,0.943289966
583.162,0.958152581
583.225,0.945895166
583.288,0.939768929
583.351,0.953131899
583.414,0.95272065
583.477,0.948873872
583.540,0.93946501
583.603,0.943108482
583.667,0.946372231
583.730,0.945586124
583.793,0.938381933
583.856,0.923909094
583.919,0.942755588
583.982,0.92274429
584.045,0.929893089
584.108,0.928165786
584.171,0.913573138
584.234,0.91159885
584.297,0.931229543
584.360,0.931075313
584.423,0.948912794
584.486,0.972038783
584.549,0.99650086
584.612,1.004625049
584.675,0.999100527
584.738,0.999195386
584.801,0.994180219
584.864,0.998168302
584.927,1.010823141
584.990,1.027693275
585.053,1.051020295
585.115,1.021111679
585.178,1.026480827
585.241,1.0146849
585.304,1.005183402
585.367,1.004378287
585.430,1.003114055
585.493,0.999874431
585.556,0.981952955
585.619,0.983818861
585.681,0.982546584
585.744,0.969237319
585.807,0.962882049
585.870,0.966613726
585.933,0.962145998
585.996,0.96323771
586.059,0.956338252
586.121,0.955180224
586.184,0.949993099
586.247,0.939620511
586.310,0.948937729
586.373,0.963410772
586.435,0.9384226
586.498,0.936051447
586.561,0.955313283
586.624,0.932215428
586.686,0.943320899
586.749,0.929054496
586.812,0.938704878
586.875,0.934165013
586.937,0.933421227
587.000,0.91866707
587.063,0.934803765
587.126,0.912424536
587.188,0.916811192
587.251,0.906528226
587.314,0.909688275
587.376,0.910417812
587.439,0.900591234
587.502,0.899808851
587.564,0.919000463
587.627,0.890172282
587.690,0.898097367
587.752,0.89593228
587.815,0.905024102
587.878,0.899156701
587.940,0.923760576
588.003,0.924104683
588.066,0.950583418
588.128,0.960646605
588.191,0.962949232
588.253,0.973033003
588.316,0.985204091
588.379,0.991566416
588.441,1.009749576
588.504,1.008792435
588.566,0.996488309
588.629,1.008281173
588.691,0.986422225
588.754,0.985247975
588.817,0.987017809
588.879,0.986407972
588.942,0.969675411
589.004,0.977712713
589.067,0.963063131
589.129,0.974118311
589.192,0.955534777
589.254,0.959510739
589.317,0.951112521
589.379,0.946981975
589.442,0.943499295
589.504,0.938442841
589.567,0.943058341
589.629,0.934062422
589.691,0.943397829
589.754,0.937855725
589.816,0.943421618
589.879,0.931004228
589.941,0.922417637
590.004,0.921099374
590.066,0.932324573
590.128,0.916486467
590.191,0.912965007
590.253,0.916110965
590.316,0.918611043
590.378,0.899386097
590.440,0.917965106
590.503,0.897953815
590.565,0.90501513
590.627,0.902915394
590.690,0.896196712
590.752,0.904233999
590.814,0.889817688
590.877,0.902937375
590.939,0.894436691
591.001,0.887227107
591.064,0.8983714
591.126,0.898509624
591.188,0.882257566
591.251,0.889301701
591.313,0.888368169
591.375,0.881727021
591.437,0.891643597
591.500,0.87245098
591.562,0.88129988
591.624,0.903581336
591.686,0.920997205
591.749,0.936858081
591.811,0.961010184
591.873,0.993626703
591.935,0.987861608
591.998,1.002513365
592.060,0.967685513
592.122,0.97954946
592.184,0.974344958
592.246,0.972276079
592.308,0.984828029
592.371,0.973830208
592.433,0.967625839
592.495,0.951526732
592.557,0.954937617
592.619,0.956554601
592.681,0.946804052
592.744,0.943645582
592.806,0.924185151
592.868,0.921752585
592.930,0.927494719
592.992,0.933493669
593.054,0.948571374
593.116,0.925947222
593.178,0.924537771
593.240,0.914449998
593.302,0.917892968
593.364,0.908004371
593.427,0.910034544
593.489,0.908547987
593.551,0.914227788
593.613,0.907792317
593.675,0.891387987
593.737,0.903532285
593.799,0.908325839
593.861,0.883423205
593.923,0.891549923
593.985,0.908915947
594.047,0.898034521
594.109,0.882160091
594.171,0.893933661
594.233,0.884851447
594.295,0.884360426
594.357,0.898546062
594.419,0.893657054
594.480,0.885707397
594.542,0.875594707
594.604,0.895239288
594.666,0.876772171
594.728,0.860866501
594.790,0.877497585
594.852,0.863753521
594.914,0.875421196
594.976,0.872722969
595.038,0.86156968
595.100,0.86618774
595.161,0.86564431
595.223,0.866512278
595.285,0.865654396
595.347,0.889092553
595.409,0.91042414
595.471,0.947556818
595.533,0.948627235
595.594,0.94725136
595.656,0.952626495
595.718,0.960556538
595.780,0.963020121
595.842,0.942591518
595.903,0.966651765
595.965,0.936309222
596.027,0.943319635
596.089,0.943834405
596.151,0.948501673
596.212,0.935292096
596.274,0.939229721
596.336,0.945473972
596.398,0.932029644
596.459,0.94248917
596.521,0.934879832
596.583,0.908110786
596.644,0.910701655
596.706,0.898986845
596.768,0.90503444
596.830,0.910587406
596.891,0.911834156
596.953,0.912796359
597.015,0.899985136
597.076,0.908763006
597.138,0.894356468
597.200,0.899054226
597.261,0.889377848
597.323,0.895507369
597.385,0.904453194
597.446,0.884229898
597.508,0.901997878
597.569,0.871135569
597.631,0.882234128
597.693,0.875021575
597.754,0.888945237
597.816,0.87216879
597.877,0.890329045
597.939,0.881165589
598.001,0.867149857
598.062,0.86816068
598.124,0.865362079
598.185,0.8682135
598.247,0.873491269
598.308,0.879362609
598.370,0.867951448
598.431,0.859684662
598.493,0.860281361
598.554,0.855049386
598.616,0.853878455
598.677,0.847912659
598.739,0.863957087
598.800,0.858070603
598.862,0.855049118
598.923,0.868392012
598.985,0.862545091
599.046,0.861756734
599.108,0.857808193
599.169,0.882721419
599.231,0.923102808
599.292,0.931337552
599.353,0.929194317
599.415,0.923140789
599.476,0.919834474
599.538,0.936974274
599.599,0.939905533
599.660,0.926200806
599.722,0.934172972
599.783,0.907093581
599.845,0.919233141
599.906,0.912743289
599.967,0.909514662
600.029,0.902827485
600.090,0.909841979
600.151,0.908388745
600.213,0.907670635
600.274,0.89682333
600.335,0.910579101
600.397,0.899174584
600.458,0.903892372
600.519,0.88721803
600.581,0.898733036
600.642,0.888102678
600.703,0.878653185
600.764,0.888683152
600.826,0.89376386
600.887,0.878463405
600.948,0.872700388
601.009,0.870930148
601.071,0.87643779
601.132,0.861072938
601.193,0.879226203
601.254,0.874677378
601.316,0.879085275
601.377,0.865390477
601.438,0.858681273
601.499,0.867497119
601.560,0.867368892
601.621,0.855988981
601.683,0.85717033
601.744,0.856407291
601.805,0.854324743
601.866,0.849015159
601.927,0.87519097
601.988,0.842760495
602.050,0.854868001
602.111,0.842503283
602.172,0.863642794
602.233,0.825186782
602.294,0.837895952
602.355,0.837441486
602.416,0.844670852
602.477,0.84148676
602.538,0.838094174
602.599,0.850683782
602.660,0.860949306
602.722,0.838183136
602.783,0.850036089
602.844,0.846178549
602.905,0.849017583
602.966,0.850489846
603.027,0.887832224
603.088,0.889046908
603.149,0.913691485
603.210,0.921784951
603.271,0.901310884
603.332,0.906286214
603.393,0.914695277
603.454,0.895630357
603.515,0.893797831
603.576,0.913251219
603.637,0.885827433
603.698,0.895799346
603.759,0.896337551
603.819,0.891141077
603.880,0.896409397
603.941,0.89653002
604.002,0.885533008
604.063,0.878738358
604.124,0.877644407
604.185,0.886525135
604.246,0.892692936
604.307,0.889590886
604.368,0.875467367
604.428,0.874145371
604.489,0.873405824
604.550,0.863934166
604.611,0.873883194
604.672,0.85983117
604.733,0.872742848
604.794,0.860773912
604.854,0.852157752
604.915,0.864988541
604.976,0.858910111
605.037,0.841861814
605.098,0.873116334
605.158,0.847897632
605.219,0.84837393
605.280,0.840468487
605.341,0.861919291
605.401,0.839462977
605.462,0.848957711
605.523,0.837727756
605.584,0.840544419
605.644,0.838128043
605.705,0.846913024
605.766,0.836190688
605.827,0.857272769
605.887,0.83799507
605.948,0.844608019
606.009,0.838046625
606.069,0.841766461
606.130,0.838591233
606.191,0.843937382
606.251,0.827208181
606.312,0.845038596
606.373,0.840769703
606.433,0.854544173
606.494,0.827219156
606.555,0.843057328
606.615,0.826240303
606.676,0.834085021
606.737,0.859133998
606.797,0.856333181
606.858,0.863989206
606.918,0.874401937
606.979,0.877818772
607.040,0.892195235
607.100,0.880880406
607.161,0.892116089
607.221,0.881729616
607.282,0.906166408
607.342,0.890311214
607.403,0.908850404
607.463,0.882049329
607.524,0.88751027
607.584,0.884832512
607.645,0.875413907
607.706,0.872297077
607.766,0.866509679
607.827,0.879634828
607.887,0.865144148
607.947,0.865534037
608.008,0.870090612
608.068,0.859790659
608.129,0.848880763
608.189,0.853747183
608.250,0.859908327
608.310,0.852499887
608.371,0.850751295
608.431,0.845012404
608.491,0.850888965
608.552,0.843798709
608.612,0.839784977
608.673,0.83929966
608.733,0.829685029
608.793,0.841811907
608.854,0.848426636
608.914,0.833844898
608.975,0.839691082
609.035,0.845851732
609.095,0.833847109
609.156,0.844217116
609.216,0.838271785
609.276,0.826911146
609.337,0.823530713
609.397,0.822187878
609.457,0.838475808
609.518,0.83968479
609.578,0.825370145
609.638,0.833239056
609.698,0.823978188
609.759,0.824518781
609.819,0.815235841
609.879,0.821342391
609.940,0.832023389
610.000,0.820063867
610.060,0.821368561
610.120,0.82600897
610.181,0.8212635
610.241,0.802671029
610.301,0.825684861
610.361,0.827909777
610.421,0.81221447
610.482,0.817428932
610.542,0.795960865
610.602,0.821735961
610.662,0.821692862
610.722,0.829812334
610.782,0.832776451
610.843,0.835985721
610.903,0.847679646
610.963,0.848634241
611.023,0.845694785
611.083,0.857477726
611.143,0.854348656
611.203,0.855946043
611.263,0.859322956
611.324,0.864617476
611.384,0.856084108
611.444,0.856406589
611.504,0.858980062
611.564,0.850574302
611.624,0.859677727
611.684,0.84218235
611.744,0.861399736
611.804,0.839697941
611.864,0.836385384
611.924,0.84605828
611.984,0.852819541
612.044,0.845234591
612.104,0.841527878
612.164,0.830088155
612.224,0.833912696
612.284,0.840802385
612.344,0.84955096
612.404,0.831227691
612.464,0.838143585
612.524,0.819518794
612.584,0.843821069
612.644,0.835634776
612.704,0.823380645
612.764,0.836659546
612.824,0.841345445
612.884,0.820957196
612.944,0.82145521
613.004,0.840948796
613.064,0.816989827
613.123,0.827475989
613.183,0.82423591
613.243,0.81881107
613.303,0.825490684
613.363,0.820943305
613.423,0.817823732
613.483,0.818802726
613.543,0.818478723
613.602,0.830593441
613.662,0.818359045
613.722,0.814738473
613.782,0.823474481
613.842,0.820856715
613.901,0.81661513
613.961,0.800653989
614.021,0.813899485
614.081,0.813551404
614.141,0.812724216
614.200,0.811023095
614.260,0.804401186
614.320,0.809961988
614.380,0.806837973
614.439,0.796018299
614.499,0.819632933
614.559,0.797613409
614.619,0.804388439
614.678,0.795880016
614.738,0.821897206
614.798,0.815538902
614.857,0.841792685
614.917,0.831065814
614.977,0.830501323
615.037,0.828534679
615.096,0.826849133
615.156,0.826942362
615.216,0.849704117
615.275,0.818600072
615.335,0.828562745
615.394,0.827244042
615.454,0.844669324
615.514,0.835227876
615.573,0.837052443
615.633,0.833484954
615.693,0.849672524
615.752,0.831625817
615.812,0.844379062
615.871,0.829874068
615.931,0.834704302
615.990,0.822280751
616.050,0.829378609
616.110,0.830202908
616.169,0.828024063
616.229,0.8211016
616.288,0.813523953
616.348,0.815106446
616.407,0.827565449
616.467,0.82300137
616.526,0.819570574
616.586,0.818789295
616.645,0.81905283
616.705,0.82870811
616.764,0.816214986
616.824,0.810936793
616.883,0.814735605
616.943,0.811516971
617.002,0.819473898
617.062,0.813682006
617.121,0.820529977
617.180,0.814915949
617.240,0.807336207
617.299,0.817279216
617.359,0.808631985
617.418,0.807192118
617.477,0.804693599
617.537,0.801083275
617.596,0.792893051
617.656,0.812998854
617.715,0.801510234
617.774,0.787647318
617.834,0.803165109
617.893,0.799691595
617.952,0.797683465
618.012,0.799287619
618.071,0.803877087
618.130,0.797999822
618.190,0.796252324
618.249,0.80292197
618.308,0.788030218
618.368,0.791995011
618.427,0.80121172
618.486,0.802313324
618.545,0.80709262
618.605,0.787452144
618.664,0.791350184
618.723,0.797001052
618.782,0.801690514
618.842,0.780160241
618.901,0.791663206
618.960,0.803870784
619.019,0.802800439
619.079,0.823135913
619.138,0.806608168
619.197,0.808256033
619.256,0.816218893
619.315,0.809718391
619.374,0.805309224
619.434,0.78660841
619.493,0.805454057
619.552,0.808098953
619.611,0.812307753
619.670,0.813316637
619.729,0.821252274
619.789,0.790239198
619.848,0.813879619
619.907,0.812451571
619.966,0.812335696
620.025,0.80827805
620.084,0.809518548
620.143,0.808378536
620.202,0.804757762
620.261,0.809681463
620.320,0.811039483
620.379,0.803690552
620.438,0.80324934
620.498,0.796098664
620.557,0.799786158
620.616,0.812574819
620.675,0.805807023
620.734,0.805683919
620.793,0.806179972
620.852,0.787534604
620.911,0.80815954
620.970,0.797226296
621.029,0.802778512
621.088,0.796020226
621.147,0.802489058
621.206,0.788472263
621.264,0.795291034
621.323,0.799014369
621.382,0.789627163
621.441,0.795959648
621.500,0.798727904
621.559,0.788888098
621.618,0.788157026
621.677,0.783779931
621.736,0.808805664
621.795,0.805740368
621.854,0.793005361
621.913,0.7970255
621.971,0.787512404
622.030,0.787422703
622.089,0.792707764
622.148,0.79109114
622.207,0.798932412
622.266,0.796439583
622.324,0.79204041
622.383,0.795793442
622.442,0.784431002
622.501,0.800989959
622.560,0.790547725
622.618,0.782804725
622.677,0.790956753
622.736,0.78605526
622.795,0.781521809
622.854,0.7969797
622.912,0.796474556
622.971,0.796565157
623.030,0.809074391
623.089,0.795495958
623.147,0.784821094
623.206,0.796898226
623.265,0.800768409
623.323,0.815801946
623.382,0.826723342
623.441,0.809802454
623.500,0.807025112
623.558,0.805507255
623.617,0.808959458
623.676,0.813030316
623.734,0.806043173
623.793,0.803667258
623.852,0.799892845
623.910,0.810639575
623.969,0.81139154
624.027,0.795517879
624.086,0.797067281
624.145,0.805222151
624.203,0.799483992
624.262,0.806004872
624.321,0.801510094
624.379,0.795578871
624.438,0.803585951
624.496,0.792099842
624.555,0.785301354
624.613,0.791863456
624.672,0.79093745
624.730,0.784018147
624.789,0.785754633
624.848,0.793482994
624.906,0.800763285
624.965,0.794996528
625.023,0.786655189
625.082,0.776568279
625.140,0.784006033
625.199,0.775517285
625.257,0.790777103
625.316,0.78544449
625.374,0.776469978
625.432,0.782740426
625.491,0.786105951
625.549,0.784621411
625.608,0.780040982
625.666,0.78612333
625.725,0.777326648
625.783,0.785630838
625.841,0.791499154
625.900,0.767301321
625.958,0.785516703
626.017,0.76593339
626.075,0.767693955
626.133,0.768476906
626.192,0.778832896
626.250,0.769036744
626.309,0.762104511
626.367,0.776122528
626.425,0.788335789
626.484,0.766884524
626.542,0.77706524
626.600,0.769686851
626.659,0.771624256
626.717,0.777664516
626.775,0.775098075
626.833,0.780647034
626.892,0.757963616
626.950,0.784190054
627.008,0.768207525
627.067,0.785689201
627.125,0.784005568
627.183,0.772733063
627.241,0.800630267
627.299,0.777085071
