Pixel,Raw Data
1,1175
2,1352
3,1254
4,1185
5,1208
6,1310
7,1271
8,1174
9,1144
10,1202
11,1245
12,1216
13,1155
14,1245
15,1087
16,1109
17,1165
18,1253
19,1035
20,1104
21,1257
22,1141
23,1147
24,1084
25,1238
26,1110
27,1120
28,1162
29,1230
30,1148
31,1188
32,1166
33,1221
34,1235
35,1102
36,1302
37,1284
38,1317
39,1368
40,1300
41,1383
42,1378
43,1214
44,1332
45,1221
46,1246
47,1251
48,1258
49,1192
50,1275
51,1287
52,1269
53,1203
54,1267
55,1392
56,1209
57,1144
58,1189
59,1202
60,1294
61,1038
62,1313
63,1104
64,1207
65,1164
66,1309
67,1291
68,1186
69,1130
70,1211
71,1160
72,1056
73,1210
74,1240
75,1143
76,1127
77,1106
78,1150
79,1148
80,1264
81,1248
82,1242
83,1339
84,1333
85,1372
86,1225
87,1244
88,1288
89,1260
90,1318
91,1254
92,1381
93,1375
94,1304
95,1223
96,1226
97,1231
98,1246
99,1237
100,1350
101,1167
102,1360
103,1262
104,1277
105,1178
106,1247
107,1253
108,1229
109,1124
110,1133
111,1193
112,1085
113,1197
114,1215
115,1204
116,1224
117,1163
118,1186
119,1065
120,1082
121,1292
122,1175
123,1183
124,1221
125,1101
126,1131
127,1186
128,1208
129,1224
130,1182
131,1236
132,1284
133,1136
134,1313
135,1258
136,1305
137,1242
138,1320
139,1320
140,1344
141,1304
142,1264
143,1276
144,1273
145,1287
146,1215
147,1208
148,1281
149,1163
150,1163
151,1156
152,1151
153,1181
154,1226
155,1208
156,1321
157,1245
158,1089
159,1143
160,1216
161,1250
162,1156
163,1213
164,1155
165,1092
166,1034
167,1168
168,1122
169,1087
170,1189
171,1134
172,1154
173,1352
174,1189
175,1161
176,1217
177,1101
178,1236
179,1268
180,1197
181,1187
182,1295
183,1210
184,1244
185,1218
186,1368
187,1352
188,1373
189,1289
190,1297
191,1377
192,1277
193,1293
194,1334
195,1195
196,1185
197,1258
198,1192
199,1245
200,1237
201,1201
202,1187
203,1315
204,1203
205,1319
206,1066
207,1108
208,1162
209,1081
210,1245
211,1195
212,1154
213,1122
214,1142
215,1084
216,1144
217,1075
218,1218
219,1107
220,1204
221,1057
222,1149
223,1205
224,1255
225,1268
226,1122
227,1204
228,1208
229,1132
230,1245
231,1311
232,1272
233,1244
234,1314
235,1226
236,1272
237,1359
238,1390
239,1261
240,1429
241,1201
242,1225
243,1251
244,1246
245,1162
246,1282
247,1112
248,1235
249,1196
250,1231
251,1134
252,1163
253,1145
254,1224
255,1286
256,1071
257,1151
258,1166
259,1137
260,1113
261,1172
262,1121
263,1046
264,1223
265,1194
266,1069
267,1236
268,1144
269,1156
270,1171
271,1147
272,1252
273,1126
274,1251
275,1250
276,1196
277,1227
278,1203
279,1274
280,1225
281,1277
282,1187
283,1262
284,1354
285,1273
286,1206
287,1236
288,1377
289,1304
290,1266
291,1163
292,1184
293,1221
294,1288
295,1188
296,1220
297,1255
298,1393
299,1140
300,1188
301,1258
302,1238
303,1281
304,1097
305,1113
306,1122
307,1230
308,1146
309,1078
310,1227
311,1092
312,1071
313,1154
314,1145
315,1115
316,1210
317,1215
318,1252
319,1138
320,1242
321,1173
322,1220
323,1251
324,1234
325,1209
326,1309
327,1416
328,1305
329,1211
330,1321
331,1278
332,1264
333,1260
334,1214
335,1307
336,1313
337,1300
338,1350
339,1212
340,1257
341,1164
342,1323
343,1195
344,1237
345,1202
346,1236
347,1264
348,1141
349,1245
350,1249
351,1299
352,1173
353,1224
354,1116
355,1253
356,1162
357,1199
358,1406
359,1145
360,1140
361,1081
362,1140
363,1175
364,1157
365,1156
366,1158
367,1224
368,1208
369,1276
370,1138
371,1316
372,1200
373,1214
374,1179
375,1171
376,1246
377,1296
378,1302
379,1212
380,1294
381,1328
382,1315
383,1342
384,1333
385,1385
386,1241
387,1868
388,1206
389,1253
390,1317
391,1167
392,1244
393,1185
394,1228
395,1266
396,1210
397,1206
398,1198
399,1166
400,1279
401,1162
402,1163
403,1180
404,1191
405,1227
406,1143
407,1083
408,1307
409,1065
410,1166
411,1157
412,1089
413,1123
414,1177
415,1438
416,1233
417,1113
418,1231
419,1152
420,1238
421,1126
422,1227
423,1275
424,1356
425,1305
426,1430
427,1210
428,1304
429,1313
430,1291
431,1415
432,1330
433,1275
434,1335
435,1324
436,1311
437,1237
438,1246
439,1455
440,1178
441,1365
442,1283
443,1331
444,1151
445,1222
446,1275
447,1191
448,1146
449,1149
450,1192
451,1249
452,1158
453,1122
454,1279
455,1201
456,1282
457,1077
458,1196
459,1258
460,1258
461,1139
462,1097
463,1160
464,1347
465,1233
466,1154
467,1109
468,1175
469,1297
470,1216
471,1233
472,1220
473,1254
474,1348
475,1372
476,1331
477,1344
478,1313
479,1287
480,1353
481,1255
482,1349
483,1343
484,1361
485,1151
486,1277
487,1251
488,1278
489,1333
490,1241
491,1292
492,1210
493,1261
494,1141
495,1194
496,1316
497,1106
498,1357
499,1123
500,1172
501,1180
502,1126
503,1122
504,1179
505,1225
506,1194
507,1129
508,1178
509,1060
510,1354
511,1179
512,1106
513,1183
514,1165
515,1237
516,1213
517,1200
518,1326
519,1256
520,1226
521,1308
522,1382
523,1267
524,1241
525,1335
526,1370
527,1248
528,1379
529,1220
530,1343
531,1414
532,1312
533,1220
534,1302
535,1178
536,1247
537,1125
538,1248
539,1159
540,1329
541,1153
542,1409
543,1368
544,1228
545,1064
546,1137
547,1202
548,1245
549,1253
550,1288
551,1129
552,1174
553,1180
554,1105
555,999
556,1243
557,1111
558,1109
559,1200
560,1276
561,1171
562,1182
563,1255
564,1231
565,1191
566,1385
567,1135
568,1360
569,1149
570,1409
571,1422
572,1278
573,1256
574,1317
575,1333
576,1346
577,1402
578,1324
579,1238
580,1359
581,1336
582,1303
583,1276
584,1221
585,1142
586,1256
587,1206
588,1189
589,1201
590,1155
591,1286
592,1273
593,1260
594,1220
595,1209
596,1094
597,1203
598,1188
599,1158
600,1180
601,1155
602,1104
603,1200
604,1146
605,1761
606,1243
607,1079
608,1379
609,1152
610,1070
611,1198
612,1173
613,1281
614,1216
615,1137
616,1200
617,1187
618,1269
619,1321
620,1321
621,1394
622,1331
623,1284
624,1384
625,1304
626,1294
627,1436
628,1270
629,1193
630,1349
631,1136
632,1240
633,1376
634,1230
635,1249
636,1159
637,1206
638,1289
639,1229
640,1384
641,1289
642,1313
643,1198
644,1213
645,1180
646,1235
647,1129
648,1224
649,1133
650,1158
651,1165
652,1066
653,1221
654,1320
655,1100
656,1289
657,1224
658,1228
659,1258
660,1262
661,1166
662,1190
663,1236
664,1325
665,1339
666,1365
667,1331
668,1351
669,1313
670,1300
671,1350
672,1318
673,1430
674,1203
675,1321
676,1346
677,1334
678,1428
679,1186
680,1253
681,1244
682,1234
683,1270
684,1297
685,1178
686,1195
687,1245
688,1220
689,1288
690,1261
691,1162
692,1210
693,1222
694,1219
695,1133
696,1234
697,1159
698,1131
699,1203
700,1187
701,1210
702,1192
703,1101
704,1127
705,1215
706,1255
707,1146
708,1350
709,1246
710,1237
711,1259
712,1283
713,1251
714,1329
715,1268
716,1320
717,1335
718,1277
719,1376
720,1394
721,1270
722,1375
723,1286
724,1329
725,1206
726,1416
727,1204
728,1189
729,1216
730,1213
731,1265
732,1277
733,1334
734,1244
735,1191
736,1178
737,1247
738,1302
739,1246
740,1068
741,1364
742,1130
743,1286
744,1214
745,1194
746,1083
747,1119
748,1105
749,1046
750,1107
751,1228
752,1264
753,1106
754,1176
755,1202
756,1197
757,2187
758,1441
759,1208
760,1205
761,1224
762,1257
763,1320
764,1274
765,1374
766,1429
767,1364
768,1411
769,1611
770,1783
771,1643
772,1652
773,1665
774,1466
775,1472
776,1372
777,1385
778,1358
779,1269
780,1335
781,1272
782,1305
783,1136
784,1315
785,1257
786,1238
787,1191
788,1166
789,1132
790,1234
791,1120
792,1204
793,1213
794,1384
795,1058
796,1267
797,1073
798,1136
799,1132
800,1287
801,1117
802,1118
803,1128
804,1182
805,1118
806,1244
807,1257
808,1161
809,1231
810,1261
811,1317
812,1269
813,1302
814,1306
815,1383
816,1242
817,1278
818,1369
819,1350
820,1405
821,1310
822,1339
823,1404
824,1191
825,1256
826,1322
827,1291
828,1124
829,1281
830,1207
831,1292
832,1193
833,1282
834,1339
835,1120
836,1179
837,1177
838,1106
839,1145
840,1196
841,1216
842,1228
843,1196
844,1138
845,1196
846,1211
847,1198
848,1165
849,1239
850,1245
851,1061
852,1251
853,1215
854,1132
855,1152
856,1288
857,1328
858,1203
859,1259
860,1360
861,1296
862,1309
863,1370
864,1332
865,1430
866,1335
867,1368
868,1266
869,1507
870,1365
871,1352
872,1250
873,1259
874,1270
875,1258
876,1267
877,1273
878,1218
879,1209
880,1318
881,1201
882,1170
883,1237
884,1215
885,1183
886,1249
887,1217
888,1151
889,1323
890,1082
891,1249
892,1061
893,1147
894,1147
895,1055
896,1183
897,1230
898,1160
899,1077
900,1111
901,1193
902,1163
903,1129
904,1170
905,1366
906,1152
907,1252
908,1122
909,1255
910,1361
911,1249
912,1323
913,1273
914,1326
915,1238
916,1372
917,1301
918,1316
919,1193
920,1451
921,1202
922,1328
923,1269
924,1277
925,1188
926,1367
927,1259
928,1307
929,1356
930,1267
931,1288
932,1244
933,1199
934,1074
935,1174
936,1217
937,1150
938,1224
939,1120
940,1153
941,1083
942,1304
943,1132
944,1177
945,1199
946,1192
947,1238
948,1179
949,1171
950,1184
951,1162
952,1167
953,1183
954,1233
955,1147
956,1286
957,1351
958,1357
959,1396
960,1249
961,1267
962,1342
963,1257
964,1366
965,1322
966,1348
967,1305
968,1353
969,1268
970,1267
971,1282
972,1260
973,1252
974,1231
975,1278
976,1359
977,1243
978,1377
979,1300
980,1235
981,1156
982,1230
983,1155
984,1161
985,1231
986,1312
987,1169
988,1161
989,1156
990,1061
991,1065
992,1177
993,1358
994,1181
995,1149
996,1202
997,1215
998,1172
999,1114
1000,1251
1001,1197
1002,1225
1003,1245
1004,1278
1005,1235
1006,1406
1007,1310
1008,1315
1009,1272
1010,1319
1011,1306
1012,1385
1013,1372
1014,1496
1015,1256
1016,1319
1017,1384
1018,1207
1019,1314
1020,1283
1021,1252
1022,1285
1023,1207
1024,1422
1025,1243
1026,1215
1027,1218
1028,1237
1029,1360
1030,1244
1031,1212
1032,1172
1033,1339
1034,1161
1035,1189
1036,1281
1037,1154
1038,1243
1039,1107
1040,1269
1041,1194
1042,1167
1043,1163
1044,1348
1045,1102
1046,1231
1047,1200
1048,1133
1049,1352
1050,1289
1051,1218
1052,1280
1053,1277
1054,1339
1055,1292
1056,1357
1057,1268
1058,1411
1059,1351
1060,1377
1061,1250
1062,1360
1063,1444
1064,1383
1065,1418
1066,1305
1067,1228
1068,1254
1069,1205
1070,1287
1071,1250
1072,1344
1073,1296
1074,1186
1075,1281
1076,1164
1077,1233
1078,1289
1079,1310
1080,1169
1081,1259
1082,1176
1083,1080
1084,1108
1085,1109
1086,1196
1087,1202
1088,1153
1089,1155
1090,1111
1091,1231
1092,1265
1093,1140
1094,1234
1095,1127
1096,1259
1097,1347
1098,1330
1099,1229
1100,1257
1101,1265
1102,1454
1103,1431
1104,1287
1105,1296
1106,1322
1107,1261
1108,1235
1109,1303
1110,1397
1111,1338
1112,1350
1113,1338
1114,1232
1115,1282
1116,1290
1117,1138
1118,1299
1119,1242
1120,1171
1121,1247
1122,1559
1123,1149
1124,1252
1125,1208
1126,1304
1127,1243
1128,1165
1129,1161
1130,1240
1131,1203
1132,1189
1133,1178
1134,1149
1135,1220
1136,1038
1137,1175
1138,1189
1139,1247
1140,1217
1141,1215
1142,1240
1143,1241
1144,1227
1145,1273
1146,1282
1147,1273
1148,1253
1149,1214
1150,1256
1151,1300
1152,1404
1153,1316
1154,1340
1155,1319
1156,1300
1157,1281
1158,1370
1159,1324
1160,1397
1161,1202
1162,1334
1163,1268
1164,1228
1165,1250
1166,1278
1167,1210
1168,1285
1169,1380
1170,1388
1171,1210
1172,1422
1173,1258
1174,1269
1175,1221
1176,1116
1177,1096
1178,1296
1179,1065
1180,1245
1181,1173
1182,1247
1183,1192
1184,1084
1185,1203
1186,1145
1187,1224
1188,1125
1189,1113
1190,1307
1191,1206
1192,1203
1193,1182
1194,1374
1195,1235
1196,1136
1197,1154
1198,1180
1199,1311
1200,1386
1201,1375
1202,1336
1203,1471
1204,1253
1205,1268
1206,1400
1207,1257
1208,1384
1209,1350
1210,1391
1211,1348
1212,1286
1213,1254
1214,1246
1215,1189
1216,1285
1217,1261
1218,1366
1219,1215
1220,1260
1221,1221
1222,1253
1223,1263
1224,1223
1225,1284
1226,1276
1227,1131
1228,1176
1229,1228
1230,1187
1231,1238
1232,1116
1233,1186
1234,1180
1235,1176
1236,1172
1237,1198
1238,1163
1239,1226
1240,1191
1241,1169
1242,1181
1243,1167
1244,1325
1245,1282
1246,1364
1247,1257
1248,1363
1249,1336
1250,1294
1251,1291
1252,1379
1253,1373
1254,1308
1255,1311
1256,1414
1257,1337
1258,1375
1259,1409
1260,1217
1261,1210
1262,1218
1263,1154
1264,1225
1265,1247
1266,1267
1267,1271
1268,1179
1269,1210
1270,1310
1271,1319
1272,1139
1273,1329
1274,1170
1275,1164
1276,1235
1277,1252
1278,1149
1279,1196
1280,1120
1281,1170
1282,1142
1283,1083
1284,1281
1285,1149
1286,1252
1287,1175
1288,1186
1289,1257
1290,1215
1291,1206
1292,1228
1293,1334
1294,1230
1295,1322
1296,1325
1297,1355
1298,1324
1299,1308
1300,1379
1301,1371
1302,1332
1303,1371
1304,1420
1305,1314
1306,1355
1307,1359
1308,1389
1309,1139
1310,1249
1311,1225
1312,1292
1313,1147
1314,1353
1315,1320
1316,1249
1317,1260
1318,1508
1319,1126
1320,1122
1321,1213
1322,1213
1323,1248
1324,1196
1325,1219
1326,1217
1327,1195
1328,1147
1329,1124
1330,1211
1331,1146
1332,1276
1333,1246
1334,1158
1335,1155
1336,1095
1337,1165
1338,1325
1339,1231
1340,1216
1341,1212
1342,1270
1343,1261
1344,1241
1345,1356
1346,1367
1347,1281
1348,1309
1349,1375
1350,1401
1351,1378
1352,1412
1353,1497
1354,1330
1355,1425
1356,1389
1357,1373
1358,1322
1359,1306
1360,1587
1361,1759
1362,2170
1363,2431
1364,2578
1365,2576
1366,2544
1367,2165
1368,1943
1369,2004
1370,2052
1371,1932
1372,1617
1373,1370
1374,1410
1375,1279
1376,1269
1377,1107
1378,1196
1379,1238
1380,1164
1381,1266
1382,1230
1383,1115
1384,1154
1385,1269
1386,1203
1387,1242
1388,1226
1389,1315
1390,1283
1391,1176
1392,1219
1393,1311
1394,1390
1395,1334
1396,1259
1397,1401
1398,1341
1399,1322
1400,1350
1401,1437
1402,1277
1403,1263
1404,1415
1405,1328
1406,1327
1407,1278
1408,1158
1409,1270
1410,1260
1411,1267
1412,1308
1413,1159
1414,1254
1415,1268
1416,1229
1417,1191
1418,1199
1419,1222
1420,1252
1421,1174
1422,1182
1423,1176
1424,1105
1425,1140
1426,1160
1427,1120
1428,1248
1429,1332
1430,1255
1431,1254
1432,1165
1433,1193
1434,1257
1435,1207
1436,1310
1437,1212
1438,1296
1439,1216
1440,1200
1441,1343
1442,1328
1443,1370
1444,1331
1445,1396
1446,1287
1447,1361
1448,1360
1449,1353
1450,1295
1451,1372
1452,1360
1453,1296
1454,1177
1455,1316
1456,1302
1457,1286
1458,1449
1459,1224
1460,1271
1461,1329
1462,1215
1463,1316
1464,1363
1465,1262
1466,1190
1467,1254
1468,1289
1469,1253
1470,1178
1471,1115
1472,1151
1473,1118
1474,1068
1475,1193
1476,1079
1477,1130
1478,1142
1479,1192
1480,1178
1481,1138
1482,1303
1483,1141
1484,1306
1485,1220
1486,1300
1487,1209
1488,1270
1489,1320
1490,1465
1491,1407
1492,1338
1493,1283
1494,1368
1495,1349
1496,1322
1497,1406
1498,1342
1499,1355
1500,1441
1501,1357
1502,1257
1503,1264
1504,1281
1505,1412
1506,1257
1507,1227
1508,1385
1509,1355
1510,1330
1511,1307
1512,1280
1513,1436
1514,1219
1515,1172
1516,1319
1517,1220
1518,1230
1519,1228
1520,1243
1521,1148
1522,1273
1523,1197
1524,1264
1525,1138
1526,1269
1527,1238
1528,1255
1529,1226
1530,1327
1531,1283
1532,1170
1533,1309
1534,1260
1535,1146
1536,1235
1537,1264
1538,1398
1539,1356
1540,1300
1541,1447
1542,1275
1543,1256
1544,1368
1545,1362
1546,1341
1547,1341
1548,1459
1549,1424
1550,1314
1551,1247
1552,1218
1553,1279
1554,1221
1555,1154
1556,1280
1557,1237
1558,1099
1559,1184
1560,1286
1561,1175
1562,1324
1563,1182
1564,1271
1565,1157
1566,1193
1567,1222
1568,1184
1569,1248
1570,1082
1571,1185
1572,1091
1573,1174
1574,1165
1575,1224
1576,1324
1577,1162
1578,1270
1579,1227
1580,1264
1581,1200
1582,1439
1583,1337
1584,1285
1585,1146
1586,1290
1587,1345
1588,1412
1589,1394
1590,1396
1591,1342
1592,1363
1593,1340
1594,1423
1595,1309
1596,1384
1597,1318
1598,1449
1599,1349
1600,1289
1601,1431
1602,1282
1603,1314
1604,1271
1605,1261
1606,1315
1607,1243
1608,1359
1609,1214
1610,1333
1611,1150
1612,1413
1613,1348
1614,1180
1615,1188
1616,1242
1617,1341
1618,1243
1619,1235
1620,1147
1621,1289
1622,1133
1623,1226
1624,1259
1625,1215
1626,1309
1627,1166
1628,1285
1629,1228
1630,1282
1631,1175
1632,1272
1633,1333
1634,1260
1635,1359
1636,1328
1637,1354
1638,1344
1639,1251
1640,1319
1641,1266
1642,1444
1643,1364
1644,1382
1645,1341
1646,1405
1647,1229
1648,1232
1649,1330
1650,1252
1651,1300
1652,1199
1653,1306
1654,1383
1655,1285
1656,1448
1657,1311
1658,1298
1659,1221
1660,1254
1661,1265
1662,1258
1663,1213
1664,1175
1665,1363
1666,1125
1667,1141
1668,1207
1669,1174
1670,1120
1671,1210
1672,1267
1673,1184
1674,1268
1675,1299
1676,1389
1677,1176
1678,1303
1679,1330
1680,1357
1681,1292
1682,1264
1683,1187
1684,1363
1685,1361
1686,1308
1687,1335
1688,1262
1689,1355
1690,1390
1691,1337
1692,1349
1693,1423
1694,1398
1695,1366
1696,1214
1697,1285
1698,1431
1699,1269
1700,1267
1701,1259
1702,1249
1703,1336
1704,1247
1705,1350
1706,1340
1707,1189
1708,1301
1709,1172
1710,1275
1711,1258
1712,1266
1713,1233
1714,1225
1715,1131
1716,1183
1717,1146
1718,1094
1719,1141
1720,1198
1721,1289
1722,1200
1723,1371
1724,1233
1725,1293
1726,1220
1727,1159
1728,1274
1729,1234
1730,1287
1731,1254
1732,1336
1733,1404
1734,1391
1735,1372
1736,1316
1737,1315
1738,1357
1739,1371
1740,1424
1741,1433
1742,1431
1743,1399
1744,1291
1745,1350
1746,1293
1747,1302
1748,1267
1749,1319
1750,1239
1751,1381
1752,1262
1753,1226
1754,1306
1755,1228
1756,1251
1757,1118
1758,1471
1759,1233
1760,1358
1761,1286
1762,1179
1763,1196
1764,1329
1765,1124
1766,1135
1767,1158
1768,1439
1769,1185
1770,1208
1771,1250
1772,1313
1773,1274
1774,1189
1775,1281
1776,1187
1777,1213
1778,1336
1779,1243
1780,1308
1781,1311
1782,1326
1783,1308
1784,1340
1785,1370
1786,1352
1787,1339
1788,1305
1789,1359
1790,1373
1791,1352
1792,1464
1793,1312
1794,1202
1795,1308
1796,1298
1797,1263
1798,1201
1799,1360
1800,1276
1801,1294
1802,1313
1803,1186
1804,1287
1805,1265
1806,1319
1807,1302
1808,1206
1809,1323
1810,1281
1811,1217
1812,1205
1813,1094
1814,1207
1815,1212
1816,1251
1817,1328
1818,1229
1819,1199
1820,1364
1821,1335
1822,1338
1823,1327
1824,1266
1825,1316
1826,1406
1827,1367
1828,1327
1829,1302
1830,1282
1831,1284
1832,1334
1833,1356
1834,1387
1835,1416
1836,1367
1837,1346
1838,1349
1839,1362
1840,1369
1841,1304
1842,1266
1843,1280
1844,1327
1845,1344
1846,1389
1847,1151
1848,1295
1849,1304
1850,1309
1851,1227
1852,1317
1853,1326
1854,1200
1855,1150
1856,1169
1857,1230
1858,1280
1859,1271
1860,1079
1861,1167
1862,1248
1863,1349
1864,1226
1865,1187
1866,1196
1867,1315
1868,1225
1869,1211
1870,1237
1871,1191
1872,1253
1873,1272
1874,1297
1875,1189
1876,1346
1877,1337
1878,1310
1879,1319
1880,1341
1881,1333
1882,1376
1883,1356
1884,1311
1885,1520
1886,1316
1887,1346
1888,1531
1889,1347
1890,1306
1891,1352
1892,1188
1893,1407
1894,1267
1895,1195
1896,1398
1897,1189
1898,1361
1899,1309
1900,1348
1901,1476
1902,1206
1903,1342
1904,1264
1905,1380
1906,1411
1907,1428
1908,1382
1909,1332
1910,1326
1911,1188
1912,1230
1913,1211
1914,1182
1915,1208
1916,1201
1917,1206
1918,1242
1919,1258
1920,1315
1921,1277
1922,1320
1923,1303
1924,1317
1925,1290
1926,1328
1927,1275
1928,1321
1929,1299
1930,1324
1931,1415
1932,1395
1933,1379
1934,1328
1935,1405
1936,1336
1937,1312
1938,1386
1939,1234
1940,1390
1941,1364
1942,1286
1943,1203
1944,1312
1945,1216
1946,1480
1947,1252
1948,1310
1949,1220
1950,1344
1951,1174
1952,1286
1953,1239
1954,1264
1955,1170
1956,1391
1957,1231
1958,1288
1959,1081
1960,1285
1961,1225
1962,1264
1963,1159
1964,1185
1965,1162
1966,1282
1967,1251
1968,1198
1969,1370
1970,1308
1971,1300
1972,1316
1973,1267
1974,1458
1975,1454
1976,1315
1977,1366
1978,1355
1979,1302
1980,1341
1981,1286
1982,1479
1983,1386
1984,1415
1985,1480
1986,1492
1987,1300
1988,1330
1989,1453
1990,1304
1991,1296
1992,1280
1993,1310
1994,1353
1995,1272
1996,1286
1997,1390
1998,1299
1999,1102
2000,1254
2001,1227
2002,1280
2003,1156
2004,1203
2005,1211
2006,1375
2007,1152
2008,1186
2009,1258
2010,1216
2011,1122
2012,1296
2013,1252
2014,1270
2015,1159
2016,1194
2017,1186
2018,1263
2019,1281
2020,1218
2021,1376
2022,1280
2023,1403
2024,1439
2025,1411
2026,1378
2027,1397
2028,1403
2029,1363
2030,1530
2031,1282
2032,1441
2033,1799
2034,1315
2035,1293
2036,1250
2037,1224
2038,1320
2039,1264
2040,1340
2041,1231
2042,1242
2043,1414
2044,1422
2045,1378
2046,1277
2047,1216
2048,1211
2049,1231
2050,1189
2051,1268
2052,1361
2053,1275
2054,1174
2055,1219
2056,1158
2057,1143
2058,1276
2059,1129
2060,1335
2061,1235
2062,1226
2063,1276
2064,1250
2065,1279
2066,1269
2067,1245
2068,1368
2069,1173
2070,1326
2071,1331
2072,1292
2073,1339
2074,1351
2075,1369
2076,1353
2077,1381
2078,1600
2079,1383
2080,1366
2081,1351
2082,1404
2083,1343
2084,1378
2085,1261
2086,1283
2087,1363
2088,1272
2089,1252
2090,1287
2091,1326
2092,1299
2093,1274
2094,1351
2095,1226
2096,1285
2097,1278
2098,1182
2099,1234
2100,1266
2101,1261
2102,1302
2103,1240
2104,1127
2105,1254
2106,1165
2107,1285
2108,1279
2109,1301
2110,1271
2111,1202
2112,1277
2113,1310
2114,1309
2115,1224
2116,1305
2117,1210
2118,1351
2119,1169
2120,1304
2121,1286
2122,1364
2123,1359
2124,1385
2125,1306
2126,1402
2127,1303
2128,1404
2129,1448
2130,1422
2131,1298
2132,1344
2133,1367
2134,1354
2135,1291
2136,1337
2137,1341
2138,1327
2139,1280
2140,1264
2141,1296
2142,1292
2143,1268
2144,1286
2145,1291
2146,1242
2147,1280
2148,1419
2149,1175
2150,1290
2151,1183
2152,1222
2153,1124
2154,1250
2155,1152
2156,1240
2157,1367
2158,1183
2159,1310
2160,1273
2161,1234
2162,1248
2163,1343
2164,1223
2165,1355
2166,1363
2167,1214
2168,1361
2169,1334
2170,1401
2171,1398
2172,1354
2173,1431
2174,1366
2175,1352
2176,1317
2177,1367
2178,1433
2179,1434
2180,1314
2181,1314
2182,1428
2183,1241
2184,1340
2185,1297
2186,1358
2187,1294
2188,1322
2189,1253
2190,1332
2191,1291
2192,1282
2193,1257
2194,1226
2195,1419
2196,1157
2197,1347
2198,1236
2199,1319
2200,1337
2201,1215
2202,1736
2203,1193
2204,1434
2205,1243
2206,1272
2207,1296
2208,1250
2209,1262
2210,1314
2211,1460
2212,1381
2213,1321
2214,1363
2215,1347
2216,1469
2217,1673
2218,1591
2219,1643
2220,1657
2221,1680
2222,1692
2223,1759
2224,1897
2225,1812
2226,1903
2227,2040
2228,2116
2229,2273
2230,2555
2231,3399
2232,5186
2233,8111
2234,11521
2235,13633
2236,11939
2237,10299
2238,6269
2239,3967
2240,3439
2241,2931
2242,2329
2243,2067
2244,1982
2245,1970
2246,1769
2247,1753
2248,1608
2249,1571
2250,1509
2251,1480
2252,1511
2253,1370
2254,1319
2255,1496
2256,1382
2257,1357
2258,1438
2259,1383
2260,1453
2261,1353
2262,1350
2263,1333
2264,1407
2265,1444
2266,1395
2267,1393
2268,1436
2269,1421
2270,1469
2271,1367
2272,1366
2273,1422
2274,1354
2275,1410
2276,1488
2277,1248
2278,1412
2279,1341
2280,1355
2281,1280
2282,1459
2283,1287
2284,1358
2285,1246
2286,1272
2287,1399
2288,1264
2289,1309
2290,1245
2291,1296
2292,1317
2293,1210
2294,1217
2295,1138
2296,1304
2297,1209
2298,1314
2299,1128
2300,1227
2301,1259
2302,1273
2303,1260
2304,1174
2305,1234
2306,1246
2307,1334
2308,1290
2309,1314
2310,1266
2311,1375
2312,1351
2313,1463
2314,1349
2315,1408
2316,1449
2317,1505
2318,1439
2319,1495
2320,1412
2321,1459
2322,1486
2323,1419
2324,1498
2325,1423
2326,1476
2327,1373
2328,1496
2329,1413
2330,1498
2331,1359
2332,1303
2333,1247
2334,1357
2335,1285
2336,1238
2337,1318
2338,1214
2339,1257
2340,1270
2341,1201
2342,1327
2343,1193
2344,1239
2345,1124
2346,1161
2347,1230
2348,1138
2349,1163
2350,1168
2351,1282
2352,1208
2353,1220
2354,1322
2355,1160
2356,1221
2357,1374
2358,1369
2359,1293
2360,1310
2361,1221
2362,1413
2363,1402
2364,1493
2365,1406
2366,1411
2367,1416
2368,1357
2369,1357
2370,1423
2371,1419
2372,1360
2373,1485
2374,1282
2375,1396
2376,1241
2377,1284
2378,1286
2379,1382
2380,1323
2381,1225
2382,1488
2383,1284
2384,1260
2385,1236
2386,1204
2387,1313
2388,1255
2389,1185
2390,1355
2391,1139
2392,1240
2393,1234
2394,1155
2395,1201
2396,1242
2397,1182
2398,1198
2399,1252
2400,1268
2401,1242
2402,1316
2403,1181
2404,1244
2405,1371
2406,1244
2407,1296
2408,1340
2409,1290
2410,1454
2411,1394
2412,1352
2413,1397
2414,1389
2415,1382
2416,1383
2417,1356
2418,1400
2419,1352
2420,1409
2421,1455
2422,1386
2423,1303
2424,1356
2425,1324
2426,1341
2427,1220
2428,1225
2429,1292
2430,1228
2431,1330
2432,1295
2433,1286
2434,1233
2435,1196
2436,1359
2437,1142
2438,1228
2439,1183
2440,1229
2441,1162
2442,1268
2443,1178
2444,1260
2445,1056
2446,1308
2447,1377
2448,1214
2449,1179
2450,1191
2451,1225
2452,1160
2453,1309
2454,1242
2455,1276
2456,1318
2457,1272
2458,1258
2459,1332
2460,1459
2461,1401
2462,1394
2463,1277
2464,1306
2465,1308
2466,1446
2467,1425
2468,1390
2469,1322
2470,1373
2471,1193
2472,1325
2473,1347
2474,1321
2475,1277
2476,1268
2477,1376
2478,1271
2479,1228
2480,1221
2481,1259
2482,1278
2483,1131
2484,1194
2485,1255
2486,1254
2487,1192
2488,1121
2489,1209
2490,1263
2491,1211
2492,1164
2493,1172
2494,1287
2495,1290
2496,1240
2497,1331
2498,1231
2499,1177
2500,1267
2501,1249
2502,1357
2503,1296
2504,1204
2505,1301
2506,1426
2507,1448
2508,1290
2509,1341
2510,1424
2511,1386
2512,1422
2513,1437
2514,1376
2515,1462
2516,1334
2517,1350
2518,1457
2519,1270
2520,1332
2521,1386
2522,1290
2523,1304
2524,1215
2525,1303
2526,1433
2527,1219
2528,1389
2529,1315
2530,1229
2531,1222
2532,1261
2533,1248
2534,1230
2535,1228
2536,1151
2537,1250
2538,1280
2539,1234
2540,1179
2541,1126
2542,1158
2543,1247
2544,1197
2545,1243
2546,1259
2547,1162
2548,1250
2549,1250
2550,1254
2551,1258
2552,1207
2553,1307
2554,1320
2555,1293
2556,1332
2557,1419
2558,1331
2559,1332
2560,1305
2561,1368
2562,1343
2563,1301
2564,1361
2565,1278
2566,1481
2567,1295
2568,1242
2569,1286
2570,1296
2571,1342
2572,1374
2573,1367
2574,1307
2575,1197
2576,1348
2577,1239
2578,1287
2579,1251
2580,1238
2581,1247
2582,1205
2583,1230
2584,1269
2585,1284
2586,1273
2587,1141
2588,1228
2589,1099
2590,1236
2591,1168
2592,1218
2593,1279
2594,1112
2595,1230
2596,1317
2597,1275
2598,1146
2599,1227
2600,1221
2601,1338
2602,1327
2603,1256
2604,1409
2605,1290
2606,1306
2607,1393
2608,1410
2609,1369
2610,1513
2611,1278
2612,1380
2613,1328
2614,1439
2615,1289
2616,1403
2617,1459
2618,1362
2619,1200
2620,1230
2621,1282
2622,1336
2623,1276
2624,1314
2625,1353
2626,1318
2627,1354
2628,1289
2629,1275
2630,1301
2631,1305
2632,1329
2633,1174
2634,1156
2635,1107
2636,1164
2637,1300
2638,1200
2639,1128
2640,1213
2641,1288
2642,1185
2643,1155
2644,1167
2645,1308
2646,1303
2647,1242
2648,1246
2649,1310
2650,1293
2651,1258
2652,1401
2653,1324
2654,1537
2655,1337
2656,1314
2657,1341
2658,1334
2659,1271
2660,1469
2661,1490
2662,1323
2663,1450
2664,1539
2665,1303
2666,1270
2667,1400
2668,1363
2669,1242
2670,1313
2671,1232
2672,1393
2673,1243
2674,1435
2675,1282
2676,1701
2677,1227
2678,1283
2679,1186
2680,1272
2681,1314
2682,1400
2683,1198
2684,1203
2685,1238
2686,1368
2687,1184
2688,1244
2689,1233
2690,1389
2691,1228
2692,1277
2693,1224
2694,1253
2695,1213
2696,1322
2697,1270
2698,1284
2699,1246
2700,1302
2701,1358
2702,1407
2703,1311
2704,1365
2705,1396
2706,1341
2707,1407
2708,1332
2709,1352
2710,1417
2711,1373
2712,1382
2713,1237
2714,1296
2715,1300
2716,1319
2717,1369
2718,1314
2719,1256
2720,1337
2721,1345
2722,1259
2723,1333
2724,1241
2725,1289
2726,1206
2727,1228
2728,1393
2729,1279
2730,1239
2731,1243
2732,1213
2733,1205
2734,1170
2735,1093
2736,1181
2737,1202
2738,1168
2739,1154
2740,1252
2741,1367
2742,1220
2743,1210
2744,1328
2745,1269
2746,1335
2747,1312
2748,1271
2749,1302
2750,1386
2751,1370
2752,1274
2753,1276
2754,1484
2755,1304
2756,1334
2757,1432
2758,1509
2759,1253
2760,1440
2761,1361
2762,1308
2763,1332
2764,1290
2765,1342
2766,1235
2767,1427
2768,1316
2769,1260
2770,1340
2771,1271
2772,1232
2773,1358
2774,1180
2775,1267
2776,1192
2777,1179
2778,1264
2779,1261
2780,1215
2781,1337
2782,1180
2783,1107
2784,1204
2785,1287
2786,1242
2787,1221
2788,1273
2789,1272
2790,1168
2791,1338
2792,1260
2793,1255
2794,1220
2795,1777
2796,1297
2797,1288
2798,1386
2799,1316
2800,1394
2801,1310
2802,1458
2803,1331
2804,1392
2805,1425
2806,1363
2807,1302
2808,1364
2809,1359
2810,1266
2811,1319
2812,1246
2813,1315
2814,1347
2815,1240
2816,1300
2817,1307
2818,1275
2819,1270
2820,1310
2821,1340
2822,1267
2823,1226
2824,1334
2825,1272
2826,1305
2827,1213
2828,1271
2829,1289
2830,1125
2831,1291
2832,1219
2833,1192
2834,1201
2835,1226
2836,1247
2837,1293
2838,1263
2839,1239
2840,1319
2841,1195
2842,1290
2843,1364
2844,1257
2845,1284
2846,1325
2847,1444
2848,1432
2849,1366
2850,1322
2851,1375
2852,1305
2853,1574
2854,1330
2855,1459
2856,1362
2857,1369
2858,1307
2859,1320
2860,1388
2861,1420
2862,1266
2863,1317
2864,1432
2865,1324
2866,1349
2867,1349
2868,1303
2869,1256
2870,1319
2871,1160
2872,1236
2873,1269
2874,1311
2875,1143
2876,1230
2877,1362
2878,1175
2879,1278
2880,1188
2881,1196
2882,1261
2883,1239
2884,1334
2885,1301
2886,1301
2887,1253
2888,1224
2889,1275
2890,1291
2891,1377
2892,1307
2893,1397
2894,1347
2895,1436
2896,1335
2897,1395
2898,1300
2899,1359
2900,1361
2901,1359
2902,1362
2903,1369
2904,1396
2905,1355
2906,1426
2907,1280
2908,1261
2909,1290
2910,1308
2911,1403
2912,1342
2913,1351
2914,1330
2915,1405
2916,1300
2917,1244
2918,1289
2919,1277
2920,1248
2921,1342
2922,1245
2923,1236
2924,1247
2925,1233
2926,1366
2927,1230
2928,1168
2929,1285
2930,1187
2931,1235
2932,1315
2933,1331
2934,1414
2935,1284
2936,1333
2937,1303
2938,1323
2939,1340
2940,1266
2941,1340
2942,1431
2943,1452
2944,1448
2945,1315
2946,1390
2947,1413
2948,1483
2949,1431
2950,1365
2951,1447
2952,1430
2953,1385
2954,1421
2955,1249
2956,1284
2957,1280
2958,1309
2959,1352
2960,1332
2961,1334
2962,1533
2963,1284
2964,1273
2965,1341
2966,1283
2967,1270
2968,1170
2969,1294
2970,1312
2971,1238
2972,1217
2973,1242
2974,1194
2975,1193
2976,1209
2977,1162
2978,1410
2979,1390
2980,1228
2981,1237
2982,1379
2983,1399
2984,1265
2985,1248
2986,1403
2987,1352
2988,1264
2989,1323
2990,1440
2991,1313
2992,1546
2993,1384
2994,1410
2995,1435
2996,1437
2997,1437
2998,1385
2999,1382
3000,1474
3001,1497
3002,1504
3003,1465
3004,1409
3005,1379
3006,1345
3007,1352
3008,1389
3009,1342
3010,1467
3011,1307
3012,1440
3013,1259
3014,1358
3015,1246
3016,1486
3017,1268
3018,1490
3019,1369
3020,1381
3021,1512
3022,1503
3023,1345
3024,1323
3025,1389
3026,1379
3027,1284
3028,1385
3029,1431
3030,1400
3031,1395
3032,1487
3033,1446
3034,1438
3035,1451
3036,1419
3037,1393
3038,1399
3039,1328
3040,1485
3041,1457
3042,1468
3043,1485
3044,1525
3045,1527
3046,1502
3047,1477
3048,1570
3049,1463
3050,1540
3051,1591
3052,1608
3053,1516
3054,1518
3055,1569
3056,1596
3057,1545
3058,1653
3059,1426
3060,1468
3061,1429
3062,1403
3063,1469
3064,1405
3065,1282
3066,1394
3067,1319
3068,1381
3069,1318
3070,1407
3071,1389
3072,1470
3073,1428
3074,1458
3075,1398
3076,1432
3077,1406
3078,1499
3079,1409
3080,1397
3081,1456
3082,1518
3083,1480
3084,1556
3085,1670
3086,1491
3087,1576
3088,1758
3089,1678
3090,1654
3091,1634
3092,1672
3093,1742
3094,1646
3095,1660
3096,1723
3097,1600
3098,1593
3099,1661
3100,1599
3101,1658
3102,1636
3103,1633
3104,1591
3105,1660
3106,1698
3107,1824
3108,1850
3109,1838
3110,1741
3111,1788
3112,1788
3113,1668
3114,1721
3115,1497
3116,1499
3117,1492
3118,1569
3119,1464
3120,1435
3121,1502
3122,1556
3123,1511
3124,1618
3125,1566
3126,1533
3127,1433
3128,1405
3129,1427
3130,1454
3131,1463
3132,1621
3133,1565
3134,1544
3135,1478
3136,1519
3137,1603
3138,1636
3139,1684
3140,1573
3141,1563
3142,1665
3143,1705
3144,1696
3145,1720
3146,1665
3147,1688
3148,1558
3149,1545
3150,1550
3151,1564
3152,1733
3153,1702
3154,1795
3155,1689
3156,1718
3157,1684
3158,1755
3159,1545
3160,1597
3161,1427
3162,1461
3163,1499
3164,1398
3165,1428
3166,1458
3167,1380
3168,1387
3169,1340
3170,1438
3171,1433
3172,1532
3173,1496
3174,1612
3175,1599
3176,1599
3177,1612
3178,1539
3179,1674
3180,1711
3181,1632
3182,1778
3183,1741
3184,1663
3185,1755
3186,1799
3187,1837
3188,1714
3189,1726
3190,1779
3191,1690
3192,1711
3193,1732
3194,1643
3195,1593
3196,1646
3197,1624
3198,1634
3199,1567
3200,1666
3201,1639
3202,1581
3203,1584
3204,1700
3205,1663
3206,1762
3207,1713
3208,1777
3209,1621
3210,1593
3211,1626
3212,1645
3213,1700
3214,1476
3215,1545
3216,1707
3217,1471
3218,1601
3219,1424
3220,1481
3221,1544
3222,1396
3223,1604
3224,1490
3225,1577
3226,1461
3227,1459
3228,1433
3229,1400
3230,1550
3231,1589
3232,1639
3233,1686
3234,1838
3235,1776
3236,1900
3237,1892
3238,1842
3239,1912
3240,1867
3241,1926
3242,1828
3243,1740
3244,1731
3245,1589
3246,1586
3247,1582
3248,1595
3249,1514
3250,1420
3251,1612
3252,1617
3253,1599
3254,1602
3255,1546
3256,1628
3257,1576
3258,1477
3259,1572
3260,1615
3261,1665
3262,1722
3263,1567
3264,1613
3265,1562
3266,1523
3267,1507
3268,1549
3269,1504
3270,1636
3271,1518
3272,1668
3273,1599
3274,1667
3275,1599
3276,1492
3277,1589
3278,1671
3279,1525
3280,1526
3281,1503
3282,1541
3283,1606
3284,1642
3285,1547
3286,1539
3287,1549
3288,1522
3289,1752
3290,1832
3291,1734
3292,1723
3293,1655
3294,1660
3295,1538
3296,1662
3297,1723
3298,1711
3299,1639
3300,1646
3301,1712
3302,1510
3303,1506
3304,1552
3305,1565
3306,1454
3307,1390
3308,1512
3309,1439
3310,1624
3311,1474
3312,1673
3313,1606
3314,1390
3315,1477
3316,1530
3317,1505
3318,1591
3319,1583
3320,1459
3321,1455
3322,1495
3323,1406
3324,1439
3325,1534
3326,1530
3327,1503
3328,1411
3329,1485
3330,1645
3331,1711
3332,1740
3333,1718
3334,1651
3335,1490
3336,1515
3337,1537
3338,1427
3339,1506
3340,1525
3341,1557
3342,1666
3343,1542
3344,1571
3345,1603
3346,1589
3347,1618
3348,1615
3349,1537
3350,1571
3351,1490
3352,1537
3353,1544
3354,1497
3355,1407
3356,1540
3357,1432
3358,1529
3359,1297
3360,1438
3361,1328
3362,1359
3363,1314
3364,1582
3365,1322
3366,1438
3367,1386
3368,1430
3369,1551
3370,1479
3371,1387
3372,1510
3373,1501
3374,1417
3375,1521
3376,1449
3377,1507
3378,1482
3379,1596
3380,1498
3381,1506
3382,1596
3383,1597
3384,1693
3385,1591
3386,1544
3387,1486
3388,1540
3389,1536
3390,1588
3391,1464
3392,1435
3393,1622
3394,1524
3395,1553
3396,1563
3397,1496
3398,1530
3399,1491
3400,1465
3401,1533
3402,1445
3403,1438
3404,1484
3405,1407
3406,1363
3407,1473
3408,1450
3409,1487
3410,1458
3411,1324
3412,1440
3413,1497
3414,1359
3415,1574
3416,1463
3417,1402
3418,1556
3419,1417
3420,1434
3421,1463
3422,1550
3423,1558
3424,1431
3425,1613
3426,1485
3427,1699
3428,1635
3429,1632
3430,1565
3431,1614
3432,1550
3433,1728
3434,1652
3435,1535
3436,1741
3437,1570
3438,1601
3439,1569
3440,1555
3441,1551
3442,1589
3443,1448
3444,1472
3445,1413
3446,1398
3447,1507
3448,1601
3449,1602
3450,1618
3451,1636
3452,1506
3453,1644
3454,1586
3455,1576
3456,1597
3457,1623
3458,1587
3459,1638
3460,1714
3461,1638
3462,1683
3463,1673
3464,1707
3465,1670
3466,1737
3467,1754
3468,1830
3469,1851
3470,1836
3471,1950
3472,1914
3473,1971
3474,2009
3475,2057
3476,2289
3477,2203
3478,2370
3479,2368
3480,2541
3481,2516
3482,2917
3483,2822
3484,3534
3485,3762
3486,3696
3487,4390
3488,4999
3489,5011
3490,6118
3491,7334
3492,6910
3493,7721
3494,8473
3495,10266
3496,13422
3497,19040
3498,26175
3499,35993
3500,65122
3501,60107
3502,61590
3503,62248
3504,61836
3505,59384
3506,29464
3507,27657
3508,19653
3509,11044
3510,8955
3511,7205
3512,6425
3513,5746
3514,5164
3515,4562
3516,4093
3517,3623
3518,3439
3519,3416
3520,2973
3521,2915
3522,2706
3523,2732
3524,2755
3525,2535
3526,2493
3527,2416
3528,2323
3529,2462
3530,2268
3531,2327
3532,2198
3533,2257
3534,2185
3535,2196
3536,2117
3537,1926
3538,1902
3539,1846
3540,1790
3541,1862
3542,1949
3543,1843
3544,1767
3545,1832
3546,1817
3547,1814
3548,1744
3549,1542
3550,1731
3551,1674
3552,1633
3553,1626
3554,1738
3555,1772
3556,1650
3557,1646
3558,1669
3559,1671
3560,1723
3561,1531
3562,1572
3563,1581
3564,1578
3565,1504
3566,1514
3567,1665
3568,1564
3569,1621
3570,1551
3571,1534
3572,1610
3573,1494
3574,1625
3575,1572
3576,1740
3577,1586
3578,1627
3579,1652
3580,1697
3581,1634
3582,1679
3583,1582
3584,1618
3585,1503
3586,1621
3587,1477
3588,1543
3589,1567
3590,1494
3591,1550
3592,1480
3593,1510
3594,1489
3595,1523
3596,1444
3597,1455
3598,1473
3599,1439
3600,1483
3601,1366
3602,1490
3603,1397
3604,1364
3605,1514
3606,1386
3607,1404
3608,1371
3609,1436
3610,1463
3611,1499
3612,1428
3613,1499
3614,1433
3615,1460
3616,1472
3617,1476
3618,1396
3619,1492
3620,1436
3621,1535
3622,1568
3623,1534
3624,1472
3625,1415
3626,1614
3627,1487
3628,1499
3629,1544
3630,1549
3631,1510
3632,1471
3633,1341
3634,1366
3635,1486
3636,1564
3637,1395
3638,1388
3639,1441
3640,1422
3641,1436
3642,1510
3643,1323
3644,1544
3645,1293
3646,1333
3647,1293
3648,1362
