Pixel,Raw Data
1,1068
2,1154
3,1086
4,1033
5,959
6,1139
7,1004
8,1001
9,1093
10,1083
11,1058
12,1021
13,998
14,1112
15,962
16,1032
17,1095
18,1130
19,976
20,1014
21,1200
22,1025
23,1145
24,1027
25,1125
26,959
27,1022
28,1018
29,1231
30,1028
31,1088
32,1042
33,1082
34,1033
35,1101
36,1210
37,1145
38,1157
39,1173
40,1177
41,1220
42,1202
43,1060
44,1182
45,977
46,1112
47,1105
48,982
49,1080
50,1069
51,1151
52,1064
53,1098
54,1019
55,1259
56,964
57,985
58,1001
59,1068
60,1011
61,930
62,1110
63,1002
64,1083
65,1085
66,1120
67,1238
68,1090
69,1050
70,1090
71,1134
72,1088
73,1168
74,1046
75,992
76,994
77,1041
78,1071
79,1075
80,1162
81,1055
82,1045
83,1351
84,1229
85,1212
86,1043
87,1070
88,1167
89,1104
90,1228
91,1055
92,1200
93,1284
94,1130
95,1112
96,917
97,1123
98,1040
99,1075
100,1202
101,1032
102,1167
103,1092
104,1114
105,1036
106,1143
107,1077
108,989
109,998
110,986
111,1105
112,967
113,1128
114,1130
115,1066
116,1053
117,1088
118,1175
119,1225
120,1077
121,1235
122,1013
123,1141
124,1083
125,1034
126,990
127,1033
128,1095
129,1100
130,1021
131,1228
132,1201
133,1098
134,1058
135,1106
136,1160
137,1115
138,1160
139,1251
140,1159
141,1186
142,1086
143,1134
144,950
145,1100
146,1125
147,1060
148,1101
149,990
150,958
151,995
152,928
153,1035
154,1145
155,1126
156,1106
157,986
158,970
159,1016
160,1097
161,1136
162,1065
163,1137
164,1032
165,1104
166,972
167,1089
168,1087
169,1069
170,1144
171,1049
172,1071
173,1284
174,1098
175,1034
176,1093
177,942
178,1111
179,1037
180,1196
181,1103
182,1172
183,1031
184,1086
185,1090
186,1173
187,1177
188,1124
189,1160
190,1065
191,1241
192,936
193,1152
194,1091
195,1054
196,1087
197,1082
198,994
199,1048
200,1080
201,957
202,1059
203,1109
204,905
205,1076
206,993
207,1051
208,991
209,1054
210,1090
211,1071
212,1094
213,1018
214,1089
215,1054
216,1037
217,1157
218,1082
219,998
220,1079
221,983
222,1076
223,1069
224,1102
225,1075
226,911
227,1085
228,1197
229,1039
230,1172
231,1141
232,1006
233,1092
234,1201
235,1057
236,1174
237,1296
238,1178
239,1151
240,1179
241,914
242,1002
243,1089
244,1190
245,1051
246,1153
247,931
248,1015
249,1030
250,1038
251,1094
252,935
253,951
254,1025
255,1179
256,977
257,1072
258,1046
259,1026
260,1012
261,1116
262,1111
263,973
264,1299
265,1259
266,1039
267,1141
268,1015
269,1095
270,1027
271,1063
272,1099
273,1064
274,1157
275,1142
276,1176
277,1227
278,1108
279,1095
280,1098
281,1111
282,1026
283,1091
284,1177
285,1182
286,1099
287,1056
288,1108
289,1071
290,1025
291,1071
292,1037
293,1108
294,1141
295,975
296,1044
297,1046
298,1204
299,920
300,1126
301,1062
302,975
303,1147
304,991
305,1021
306,927
307,1174
308,1000
309,984
310,1134
311,1063
312,1063
313,1178
314,1092
315,1084
316,1061
317,1148
318,1052
319,1101
320,1107
321,1049
322,1017
323,1123
324,1036
325,1167
326,1160
327,1268
328,1026
329,1095
330,1125
331,1093
332,1098
333,1117
334,1057
335,1190
336,1062
337,1014
338,1087
339,797
340,1136
341,1013
342,1126
343,1035
344,1049
345,1079
346,1131
347,1074
348,1013
349,1001
350,1036
351,1005
352,1053
353,1075
354,942
355,1086
356,1084
357,1056
358,1190
359,1019
360,1035
361,1107
362,1066
363,1097
364,981
365,1094
366,952
367,1147
368,1071
369,1170
370,987
371,1137
372,1108
373,1144
374,1063
375,1113
376,1086
377,1117
378,1064
379,1068
380,1121
381,1183
382,1118
383,1198
384,1158
385,1099
386,1023
387,1744
388,895
389,1132
390,1092
391,1024
392,1077
393,992
394,1067
395,1125
396,1017
397,1060
398,933
399,984
400,1219
401,1080
402,1075
403,1046
404,1057
405,1165
406,1017
407,1017
408,1269
409,1022
410,1141
411,1201
412,972
413,1045
414,1120
415,1346
416,1051
417,1002
418,1164
419,955
420,1085
421,1164
422,1132
423,1192
424,1162
425,1165
426,1249
427,998
428,1162
429,1063
430,1186
431,1147
432,1204
433,1121
434,1005
435,1114
436,1028
437,1066
438,1048
439,1185
440,980
441,1238
442,1057
443,1164
444,1010
445,1090
446,985
447,1052
448,1033
449,1112
450,1062
451,1097
452,1111
453,1027
454,1160
455,1067
456,1213
457,1111
458,1158
459,1240
460,1002
461,973
462,986
463,1083
464,1242
465,1104
466,1110
467,964
468,992
469,1140
470,1223
471,1115
472,1301
473,1070
474,1167
475,1176
476,1205
477,1233
478,1071
479,1131
480,1122
481,1094
482,1098
483,1124
484,1013
485,1076
486,1114
487,1141
488,1088
489,1171
490,1110
491,1193
492,986
493,1143
494,903
495,1046
496,1119
497,1051
498,1243
499,976
500,1124
501,1068
502,1065
503,1030
504,1127
505,1122
506,1245
507,1133
508,1060
509,1003
510,1358
511,1040
512,1031
513,1058
514,1042
515,1137
516,1082
517,1165
518,1233
519,1171
520,1141
521,1162
522,1260
523,1029
524,1159
525,1171
526,1173
527,1115
528,1202
529,1023
530,1071
531,1100
532,1058
533,966
534,1119
535,1109
536,1029
537,1010
538,1077
539,1002
540,1081
541,1009
542,1299
543,1168
544,965
545,1086
546,1002
547,1168
548,1116
549,1082
550,1151
551,1022
552,1105
553,1205
554,1049
555,1073
556,1201
557,1004
558,970
559,1155
560,1210
561,1077
562,1031
563,1161
564,1008
565,1033
566,1289
567,1155
568,1406
569,1072
570,1247
571,1196
572,1111
573,1095
574,1232
575,1184
576,1202
577,1319
578,1234
579,992
580,1117
581,1125
582,1165
583,1140
584,1147
585,1061
586,1101
587,1152
588,1175
589,1139
590,1112
591,1198
592,1164
593,1195
594,1296
595,1356
596,1225
597,1341
598,1375
599,1491
600,1471
601,1701
602,1694
603,2080
604,2554
605,3967
606,3579
607,4142
608,4754
609,5005
610,3933
611,3593
612,3609
613,3452
614,3367
615,3760
616,3338
617,2110
618,1742
619,1598
620,1528
621,1481
622,1457
623,1287
624,1377
625,1242
626,1157
627,1325
628,1097
629,1001
630,1262
631,1051
632,1117
633,1218
634,1090
635,1119
636,1074
637,1133
638,1132
639,1066
640,1150
641,1018
642,1120
643,1093
644,1180
645,1082
646,1147
647,1048
648,1032
649,1089
650,1129
651,1227
652,1069
653,1191
654,1160
655,997
656,1209
657,1097
658,1094
659,1139
660,1041
661,1038
662,973
663,1176
664,1191
665,1257
666,1191
667,1188
668,1152
669,1162
670,1173
671,1127
672,1118
673,1388
674,965
675,1153
676,1116
677,1074
678,1067
679,1076
680,1051
681,1050
682,1048
683,1136
684,1133
685,946
686,1046
687,1116
688,1004
689,1053
690,1108
691,1105
692,1116
693,1157
694,1143
695,1073
696,1137
697,1217
698,1222
699,1534
700,1594
701,1796
702,1648
703,1685
704,1660
705,1552
706,1630
707,1524
708,1717
709,1539
710,1596
711,1472
712,1284
713,1229
714,1178
715,1234
716,1237
717,1152
718,1164
719,1284
720,1131
721,1164
722,1230
723,988
724,1104
725,899
726,1148
727,1041
728,994
729,1033
730,1056
731,1060
732,1085
733,1154
734,1053
735,955
736,915
737,1044
738,991
739,1170
740,1000
741,1259
742,998
743,1222
744,1004
745,1110
746,976
747,1038
748,1121
749,1036
750,966
751,1013
752,1102
753,982
754,1062
755,1032
756,1035
757,2251
758,900
759,1138
760,998
761,1178
762,1093
763,1168
764,1090
765,1263
766,1213
767,1166
768,1110
769,1246
770,1285
771,1200
772,989
773,1100
774,1041
775,1036
776,1034
777,1074
778,1001
779,1041
780,1038
781,1070
782,1002
783,1023
784,1030
785,1023
786,974
787,1076
788,1036
789,1023
790,1091
791,995
792,1027
793,1080
794,1166
795,1020
796,1225
797,991
798,1176
799,1009
800,1193
801,1036
802,1003
803,1033
804,1032
805,1083
806,1056
807,1146
808,1108
809,1196
810,1144
811,1301
812,1083
813,1091
814,1191
815,1208
816,1115
817,1040
818,1269
819,1188
820,1052
821,1060
822,1147
823,1126
824,1033
825,1050
826,1110
827,1069
828,979
829,1069
830,1034
831,1107
832,956
833,1149
834,1071
835,915
836,1076
837,1068
838,1050
839,975
840,1071
841,1082
842,1056
843,1141
844,1169
845,1140
846,1170
847,1084
848,1050
849,1196
850,1081
851,934
852,1109
853,1048
854,937
855,1056
856,1233
857,1304
858,1099
859,1118
860,1251
861,1193
862,1155
863,1160
864,1175
865,1240
866,1105
867,1239
868,962
869,1297
870,1038
871,1188
872,1124
873,1063
874,1092
875,1040
876,1031
877,1167
878,1070
879,1039
880,997
881,982
882,988
883,1208
884,1170
885,1027
886,1084
887,1098
888,1044
889,1190
890,969
891,1114
892,1073
893,1171
894,1106
895,1075
896,1037
897,1153
898,1055
899,1024
900,987
901,1116
902,1090
903,1119
904,1053
905,1228
906,1106
907,1182
908,1022
909,1115
910,1203
911,1088
912,1191
913,1130
914,1165
915,1052
916,1063
917,1065
918,989
919,1127
920,1104
921,1110
922,1100
923,1164
924,1107
925,1083
926,1247
927,1093
928,1187
929,1197
930,1128
931,1291
932,1098
933,1164
934,1035
935,1120
936,1103
937,1139
938,1137
939,1123
940,1086
941,1032
942,1290
943,1121
944,1158
945,994
946,1039
947,1094
948,1011
949,1057
950,1062
951,1085
952,997
953,1143
954,1149
955,1139
956,1213
957,1155
958,1110
959,1310
960,1089
961,1112
962,1157
963,1139
964,1136
965,992
966,1214
967,766
968,1049
969,1095
970,1100
971,1114
972,1078
973,1102
974,941
975,1102
976,1124
977,1028
978,1091
979,1136
980,1031
981,1013
982,1096
983,1043
984,987
985,1069
986,1187
987,933
988,1087
989,1218
990,1083
991,1097
992,1077
993,1099
994,1065
995,1042
996,1107
997,1151
998,1064
999,946
1000,1057
1001,1116
1002,1116
1003,1244
1004,1108
1005,1149
1006,1239
1007,1086
1008,1173
1009,1194
1010,1119
1011,1111
1012,1200
1013,1165
1014,1279
1015,940
1016,1067
1017,1091
1018,1041
1019,1123
1020,1121
1021,1137
1022,1103
1023,1030
1024,1221
1025,1070
1026,992
1027,1022
1028,1134
1029,1101
1030,1127
1031,1089
1032,1151
1033,1263
1034,1071
1035,1126
1036,1234
1037,1398
1038,1266
1039,1200
1040,1254
1041,1195
1042,1173
1043,1060
1044,1329
1045,1076
1046,1067
1047,1170
1048,1031
1049,1275
1050,1223
1051,1074
1052,1211
1053,1220
1054,1130
1055,1187
1056,1236
1057,1139
1058,1185
1059,1169
1060,1244
1061,1051
1062,1097
1063,1233
1064,1105
1065,1161
1066,1164
1067,1003
1068,1114
1069,1024
1070,1083
1071,1119
1072,1047
1073,1269
1074,947
1075,1069
1076,1062
1077,1108
1078,1095
1079,1335
1080,1096
1081,1135
1082,1041
1083,1043
1084,1037
1085,1010
1086,1145
1087,1215
1088,1010
1089,1109
1090,915
1091,1221
1092,1120
1093,1041
1094,1045
1095,1051
1096,1101
1097,1234
1098,1173
1099,1177
1100,1254
1101,1095
1102,1131
1103,1267
1104,1055
1105,1222
1106,1108
1107,1075
1108,1082
1109,1164
1110,1041
1111,1081
1112,1013
1113,1097
1114,1003
1115,1132
1116,1030
1117,1031
1118,1155
1119,975
1120,1026
1121,1070
1122,1386
1123,917
1124,1051
1125,1045
1126,1024
1127,1182
1128,1103
1129,1014
1130,1184
1131,1134
1132,1115
1133,1094
1134,1150
1135,1165
1136,1080
1137,1060
1138,1119
1139,1180
1140,1033
1141,1075
1142,1188
1143,1054
1144,1210
1145,1167
1146,1246
1147,1149
1148,1085
1149,1190
1150,1132
1151,1127
1152,1306
1153,1142
1154,1190
1155,1173
1156,1173
1157,1178
1158,1120
1159,1062
1160,1181
1161,974
1162,1094
1163,1163
1164,1094
1165,1056
1166,1063
1167,1087
1168,1056
1169,1217
1170,1217
1171,909
1172,1175
1173,1103
1174,1126
1175,1127
1176,1006
1177,1058
1178,1087
1179,1029
1180,1109
1181,1258
1182,1254
1183,1237
1184,1030
1185,1218
1186,1122
1187,1146
1188,1059
1189,1061
1190,1217
1191,1102
1192,1075
1193,1065
1194,1217
1195,1243
1196,1056
1197,1132
1198,1176
1199,1183
1200,1185
1201,1274
1202,1106
1203,1346
1204,1144
1205,1117
1206,1055
1207,1046
1208,1126
1209,1121
1210,1120
1211,1124
1212,1126
1213,1191
1214,1047
1215,1053
1216,1077
1217,1159
1218,1203
1219,965
1220,1122
1221,1165
1222,1120
1223,1200
1224,1009
1225,1238
1226,1111
1227,1066
1228,1060
1229,1158
1230,1121
1231,1223
1232,1158
1233,1169
1234,1087
1235,1111
1236,1026
1237,1108
1238,1031
1239,1170
1240,1079
1241,1096
1242,1018
1243,1106
1244,1245
1245,1223
1246,1292
1247,1139
1248,1207
1249,1134
1250,1265
1251,1141
1252,1246
1253,1186
1254,1082
1255,1066
1256,1121
1257,1061
1258,1170
1259,1207
1260,1070
1261,1020
1262,1094
1263,1038
1264,1077
1265,1091
1266,1185
1267,980
1268,1019
1269,971
1270,1108
1271,1189
1272,1090
1273,1270
1274,1109
1275,1139
1276,1160
1277,1165
1278,1022
1279,1148
1280,1135
1281,1297
1282,1099
1283,1079
1284,1163
1285,1066
1286,1154
1287,1087
1288,1067
1289,1151
1290,1113
1291,1208
1292,1081
1293,1341
1294,1135
1295,1297
1296,1111
1297,1206
1298,1158
1299,1157
1300,1260
1301,1244
1302,1198
1303,1124
1304,1105
1305,1085
1306,1097
1307,1149
1308,1159
1309,1011
1310,1055
1311,1089
1312,1164
1313,994
1314,1267
1315,1130
1316,1045
1317,1121
1318,1431
1319,923
1320,1077
1321,1104
1322,1088
1323,1250
1324,1103
1325,1201
1326,1100
1327,1169
1328,1186
1329,1108
1330,1192
1331,1100
1332,1148
1333,1204
1334,1054
1335,1115
1336,1039
1337,1058
1338,1235
1339,1298
1340,1134
1341,1217
1342,1232
1343,1226
1344,1250
1345,1258
1346,1142
1347,1253
1348,1293
1349,1246
1350,1223
1351,1341
1352,1281
1353,1248
1354,1183
1355,1260
1356,1167
1357,1185
1358,1218
1359,1122
1360,1413
1361,1193
1362,1277
1363,1272
1364,1250
1365,1216
1366,1285
1367,1295
1368,1301
1369,1323
1370,1336
1371,1391
1372,1301
1373,1420
1374,1294
1375,1387
1376,1522
1377,1375
1378,1438
1379,1604
1380,1545
1381,1709
1382,1543
1383,1583
1384,1573
1385,1698
1386,1591
1387,1626
1388,1682
1389,1918
1390,1811
1391,1952
1392,1847
1393,2001
1394,2084
1395,2246
1396,2317
1397,3011
1398,3598
1399,5998
1400,9871
1401,13096
1402,13700
1403,16343
1404,19070
1405,16334
1406,11406
1407,13362
1408,13076
1409,11061
1410,4263
1411,3435
1412,2510
1413,2330
1414,2158
1415,2069
1416,1792
1417,1840
1418,1730
1419,1709
1420,1626
1421,1448
1422,1387
1423,1462
1424,1447
1425,1451
1426,1307
1427,1280
1428,1420
1429,1270
1430,1314
1431,1369
1432,1173
1433,1354
1434,1241
1435,1296
1436,1308
1437,1297
1438,1326
1439,1295
1440,1204
1441,1276
1442,1241
1443,1283
1444,1159
1445,1352
1446,1157
1447,1324
1448,1186
1449,1171
1450,1166
1451,1148
1452,1189
1453,1178
1454,1116
1455,1162
1456,1236
1457,1210
1458,1264
1459,1122
1460,1027
1461,1298
1462,1018
1463,1231
1464,1154
1465,1082
1466,1063
1467,1186
1468,1215
1469,1172
1470,1086
1471,1002
1472,1107
1473,1208
1474,1114
1475,1154
1476,1072
1477,1108
1478,1113
1479,1063
1480,1158
1481,1092
1482,1203
1483,1057
1484,1309
1485,1109
1486,1308
1487,1071
1488,1276
1489,1203
1490,1296
1491,1195
1492,1291
1493,1106
1494,1176
1495,1211
1496,1073
1497,1208
1498,1080
1499,1070
1500,1112
1501,1109
1502,1093
1503,1151
1504,1049
1505,1263
1506,1085
1507,1055
1508,1197
1509,1056
1510,1127
1511,1080
1512,1121
1513,1316
1514,1019
1515,1005
1516,1285
1517,1024
1518,1097
1519,1124
1520,1118
1521,1203
1522,1187
1523,1073
1524,1163
1525,1098
1526,1062
1527,1095
1528,1073
1529,1110
1530,1217
1531,1178
1532,936
1533,1188
1534,1099
1535,1079
1536,1051
1537,1238
1538,1181
1539,1162
1540,1130
1541,1327
1542,1069
1543,1129
1544,1236
1545,1045
1546,1117
1547,1094
1548,1187
1549,1141
1550,1117
1551,988
1552,1069
1553,1144
1554,1019
1555,1002
1556,1144
1557,951
1558,944
1559,1020
1560,1152
1561,1061
1562,1140
1563,1046
1564,1146
1565,1106
1566,1110
1567,1123
1568,1023
1569,1213
1570,1023
1571,1163
1572,954
1573,1043
1574,1193
1575,1135
1576,1158
1577,962
1578,1166
1579,1012
1580,1170
1581,1156
1582,1222
1583,1277
1584,1117
1585,1111
1586,1149
1587,1176
1588,1236
1589,1260
1590,1120
1591,1214
1592,1106
1593,1081
1594,1113
1595,1006
1596,1053
1597,1079
1598,1102
1599,1146
1600,1123
1601,1142
1602,1049
1603,1053
1604,1134
1605,956
1606,1076
1607,951
1608,1102
1609,1069
1610,1135
1611,999
1612,1315
1613,1106
1614,1044
1615,1085
1616,1068
1617,1184
1618,1136
1619,1185
1620,1030
1621,1199
1622,1020
1623,1095
1624,1090
1625,1121
1626,1220
1627,953
1628,1191
1629,1221
1630,1145
1631,1076
1632,1109
1633,1249
1634,1182
1635,1190
1636,1073
1637,1189
1638,1140
1639,1105
1640,1172
1641,1082
1642,1066
1643,1151
1644,1118
1645,1093
1646,1009
1647,1072
1648,1008
1649,1110
1650,1084
1651,1069
1652,992
1653,1035
1654,1095
1655,1058
1656,1225
1657,1069
1658,1105
1659,1034
1660,1055
1661,1074
1662,1091
1663,1085
1664,1018
1665,1363
1666,1002
1667,1147
1668,1150
1669,1095
1670,1026
1671,1153
1672,1056
1673,1012
1674,1086
1675,1140
1676,1105
1677,1045
1678,1114
1679,1302
1680,1213
1681,1213
1682,1131
1683,1095
1684,1182
1685,1239
1686,1042
1687,1118
1688,1119
1689,1286
1690,1030
1691,1035
1692,1105
1693,1146
1694,1115
1695,1019
1696,992
1697,1146
1698,1185
1699,1052
1700,1143
1701,1200
1702,953
1703,1162
1704,1071
1705,1148
1706,1184
1707,962
1708,1201
1709,949
1710,1133
1711,1050
1712,1081
1713,1122
1714,1158
1715,1050
1716,1097
1717,979
1718,1067
1719,1088
1720,1034
1721,1140
1722,1006
1723,1249
1724,1011
1725,1155
1726,1104
1727,1082
1728,1257
1729,1130
1730,1190
1731,1095
1732,1114
1733,1288
1734,1179
1735,1198
1736,1044
1737,1068
1738,1075
1739,1044
1740,1018
1741,1182
1742,1085
1743,1176
1744,991
1745,1141
1746,1067
1747,1054
1748,1035
1749,1026
1750,973
1751,1097
1752,1046
1753,1064
1754,1158
1755,1052
1756,1188
1757,1030
1758,1283
1759,1109
1760,1207
1761,1103
1762,1074
1763,1191
1764,1232
1765,1043
1766,1036
1767,1132
1768,1138
1769,1020
1770,1029
1771,1095
1772,1086
1773,1156
1774,1134
1775,1196
1776,1027
1777,1065
1778,1157
1779,1104
1780,1136
1781,1070
1782,1187
1783,1075
1784,1078
1785,1201
1786,1053
1787,1054
1788,1008
1789,1068
1790,1138
1791,1029
1792,1153
1793,1065
1794,1015
1795,1082
1796,1061
1797,1100
1798,938
1799,1069
1800,950
1801,1064
1802,1114
1803,1075
1804,1119
1805,985
1806,1151
1807,1070
1808,977
1809,1157
1810,1239
1811,1141
1812,1090
1813,1014
1814,1057
1815,1095
1816,1085
1817,1145
1818,1007
1819,999
1820,1135
1821,1050
1822,1266
1823,1163
1824,1133
1825,1230
1826,1153
1827,1287
1828,1123
1829,1080
1830,1132
1831,1090
1832,1122
1833,1264
1834,1173
1835,1073
1836,1195
1837,1043
1838,1057
1839,1061
1840,1111
1841,1151
1842,1122
1843,1059
1844,1076
1845,1231
1846,1210
1847,899
1848,1036
1849,1168
1850,1078
1851,989
1852,1102
1853,1196
1854,996
1855,1037
1856,1007
1857,1070
1858,1114
1859,1209
1860,1110
1861,956
1862,1072
1863,1221
1864,1092
1865,1049
1866,1026
1867,1235
1868,958
1869,1100
1870,1024
1871,1171
1872,1115
1873,1256
1874,1170
1875,1097
1876,1207
1877,1109
1878,1057
1879,1204
1880,1124
1881,1110
1882,1139
1883,1129
1884,951
1885,1155
1886,1041
1887,980
1888,1230
1889,1073
1890,1096
1891,1098
1892,971
1893,1232
1894,991
1895,954
1896,1097
1897,784
1898,1149
1899,1015
1900,1165
1901,1078
1902,1027
1903,1164
1904,930
1905,1137
1906,981
1907,1257
1908,1142
1909,1129
1910,1039
1911,1059
1912,1005
1913,1040
1914,1043
1915,1050
1916,1089
1917,987
1918,1113
1919,1148
1920,1197
1921,1160
1922,1240
1923,1174
1924,1111
1925,1084
1926,1083
1927,1143
1928,1126
1929,1120
1930,1090
1931,1160
1932,1066
1933,1101
1934,955
1935,1130
1936,1042
1937,1036
1938,1150
1939,997
1940,1125
1941,1110
1942,1054
1943,1126
1944,929
1945,996
1946,1235
1947,1001
1948,1036
1949,1068
1950,1100
1951,1030
1952,1095
1953,1081
1954,1043
1955,1079
1956,1234
1957,1221
1958,1011
1959,1007
1960,1183
1961,1077
1962,1058
1963,1022
1964,1040
1965,1050
1966,1085
1967,1253
1968,1135
1969,1094
1970,1183
1971,1170
1972,1170
1973,1164
1974,1249
1975,1183
1976,1084
1977,1202
1978,1122
1979,1073
1980,1071
1981,1053
1982,1152
1983,1073
1984,1027
1985,1175
1986,1064
1987,1065
1988,1068
1989,1224
1990,1015
1991,1116
1992,901
1993,962
1994,1198
1995,1018
1996,1061
1997,1160
1998,1056
1999,1001
2000,1077
2001,1021
2002,1177
2003,1111
2004,1054
2005,1078
2006,1209
2007,1054
2008,1035
2009,1169
2010,1055
2011,927
2012,1074
2013,986
2014,1150
2015,984
2016,1072
2017,1201
2018,1036
2019,1163
2020,1097
2021,1180
2022,1096
2023,1202
2024,1161
2025,1210
2026,1170
2027,1161
2028,1082
2029,1030
2030,1189
2031,915
2032,1131
2033,1607
2034,847
2035,1092
2036,988
2037,1035
2038,1135
2039,1050
2040,993
2041,999
2042,926
2043,1208
2044,1118
2045,1157
2046,1037
2047,1094
2048,1022
2049,1129
2050,996
2051,1128
2052,1184
2053,1197
2054,1044
2055,1060
2056,1000
2057,1052
2058,1124
2059,1063
2060,1117
2061,1021
2062,1024
2063,1019
2064,1159
2065,1217
2066,1157
2067,999
2068,1192
2069,1087
2070,1196
2071,1171
2072,1098
2073,1187
2074,1153
2075,1086
2076,1037
2077,1093
2078,1197
2079,1051
2080,1041
2081,1082
2082,1022
2083,1189
2084,1101
2085,1114
2086,1016
2087,1178
2088,1075
2089,977
2090,991
2091,1070
2092,1159
2093,1080
2094,1039
2095,1082
2096,1094
2097,1120
2098,1012
2099,1103
2100,1152
2101,1164
2102,1119
2103,1089
2104,1038
2105,1236
2106,1024
2107,1047
2108,1096
2109,1137
2110,990
2111,1120
2112,1189
2113,1252
2114,1159
2115,1099
2116,1114
2117,1084
2118,1141
2119,1092
2120,1104
2121,1105
2122,1145
2123,1148
2124,1170
2125,914
2126,1043
2127,1068
2128,1054
2129,1125
2130,1116
2131,992
2132,1123
2133,1211
2134,1078
2135,1050
2136,960
2137,1017
2138,1044
2139,941
2140,1072
2141,1042
2142,1026
2143,1004
2144,1048
2145,1130
2146,1029
2147,1043
2148,1216
2149,1042
2150,1116
2151,1005
2152,1003
2153,1058
2154,1076
2155,1015
2156,1005
2157,1177
2158,972
2159,1159
2160,1023
2161,1168
2162,1111
2163,1156
2164,1076
2165,1127
2166,1240
2167,1093
2168,1033
2169,1149
2170,1177
2171,1152
2172,1094
2173,1174
2174,1037
2175,1079
2176,996
2177,1001
2178,1084
2179,1040
2180,1060
2181,1033
2182,1083
2183,1042
2184,1121
2185,1007
2186,1004
2187,933
2188,1090
2189,954
2190,1078
2191,1148
2192,1072
2193,1078
2194,1011
2195,1216
2196,898
2197,1148
2198,1056
2199,1142
2200,1211
2201,1012
2202,1625
2203,932
2204,1049
2205,994
2206,973
2207,1098
2208,1041
2209,1107
2210,1132
2211,1198
2212,1020
2213,1096
2214,1162
2215,1050
2216,1249
2217,1274
2218,1158
2219,1170
2220,1000
2221,1191
2222,1030
2223,1101
2224,1170
2225,1049
2226,1003
2227,1124
2228,1015
2229,1079
2230,1258
2231,1076
2232,1028
2233,1012
2234,1055
2235,1091
2236,1068
2237,1043
2238,1055
2239,1087
2240,1040
2241,1155
2242,958
2243,985
2244,1127
2245,1147
2246,1099
2247,1178
2248,1135
2249,1007
2250,969
2251,1065
2252,1030
2253,1067
2254,950
2255,1213
2256,1009
2257,1094
2258,1331
2259,1151
2260,1102
2261,1177
2262,1155
2263,1113
2264,1200
2265,1120
2266,1091
2267,1143
2268,1138
2269,1073
2270,1076
2271,1019
2272,1029
2273,1173
2274,925
2275,1156
2276,1124
2277,1033
2278,1080
2279,1053
2280,1044
2281,936
2282,1180
2283,978
2284,1045
2285,1069
2286,1076
2287,1090
2288,1012
2289,1176
2290,1008
2291,1081
2292,1103
2293,1143
2294,1134
2295,1041
2296,1098
2297,1112
2298,1069
2299,1104
2300,1121
2301,1184
2302,1137
2303,1254
2304,1280
2305,1357
2306,1438
2307,1309
2308,1168
2309,1164
2310,1156
2311,1270
2312,1158
2313,1265
2314,1086
2315,1175
2316,1141
2317,1227
2318,975
2319,1028
2320,1174
2321,970
2322,1056
2323,1050
2324,1162
2325,1083
2326,1109
2327,1010
2328,1045
2329,1125
2330,1083
2331,995
2332,1110
2333,1007
2334,1148
2335,1030
2336,1087
2337,1125
2338,991
2339,1137
2340,1028
2341,1029
2342,1156
2343,1107
2344,1100
2345,1026
2346,1007
2347,1074
2348,980
2349,1086
2350,1025
2351,1118
2352,962
2353,1056
2354,1164
2355,1130
2356,1218
2357,1182
2358,1138
2359,1215
2360,1144
2361,1130
2362,1256
2363,1126
2364,1289
2365,1134
2366,1052
2367,1102
2368,879
2369,1052
2370,1124
2371,1161
2372,1050
2373,1146
2374,1105
2375,1136
2376,939
2377,1061
2378,968
2379,1084
2380,970
2381,1125
2382,1274
2383,1022
2384,1068
2385,1058
2386,1109
2387,1156
2388,1095
2389,1107
2390,1196
2391,1088
2392,1127
2393,1061
2394,1155
2395,1082
2396,1142
2397,1022
2398,1011
2399,1130
2400,1083
2401,1072
2402,1150
2403,1183
2404,1108
2405,1167
2406,1120
2407,1176
2408,1169
2409,1104
2410,1205
2411,1244
2412,1144
2413,1172
2414,1162
2415,1083
2416,1110
2417,1030
2418,1115
2419,1023
2420,1013
2421,1069
2422,1063
2423,1080
2424,1038
2425,1092
2426,1051
2427,895
2428,956
2429,1039
2430,1013
2431,1229
2432,1156
2433,1030
2434,1065
2435,1054
2436,1111
2437,1038
2438,1223
2439,1118
2440,1169
2441,960
2442,1070
2443,1114
2444,1133
2445,958
2446,1193
2447,1234
2448,971
2449,1065
2450,1095
2451,1179
2452,1052
2453,1267
2454,1140
2455,1233
2456,1204
2457,1200
2458,1182
2459,1127
2460,1256
2461,1108
2462,1211
2463,1043
2464,1115
2465,1056
2466,1118
2467,1181
2468,1063
2469,1062
2470,1130
2471,993
2472,1087
2473,1134
2474,1145
2475,1032
2476,977
2477,1261
2478,982
2479,1063
2480,1022
2481,1023
2482,1023
2483,1075
2484,1089
2485,1138
2486,1102
2487,1137
2488,1027
2489,1038
2490,1064
2491,1080
2492,1042
2493,1055
2494,1200
2495,1055
2496,1026
2497,1232
2498,1064
2499,1111
2500,1258
2501,1152
2502,1169
2503,1203
2504,1048
2505,1184
2506,1274
2507,1153
2508,1089
2509,1167
2510,1195
2511,1115
2512,1062
2513,1153
2514,969
2515,1217
2516,1109
2517,1089
2518,1142
2519,949
2520,1194
2521,1157
2522,1006
2523,1053
2524,994
2525,1053
2526,1077
2527,1023
2528,1235
2529,1118
2530,1075
2531,1146
2532,1065
2533,1172
2534,1100
2535,1132
2536,1132
2537,1131
2538,1047
2539,1230
2540,1089
2541,1085
2542,1034
2543,1006
2544,1008
2545,1170
2546,1162
2547,1125
2548,1178
2549,1219
2550,1078
2551,1166
2552,1047
2553,1292
2554,1097
2555,1232
2556,1081
2557,1307
2558,1102
2559,1065
2560,985
2561,1120
2562,1025
2563,1043
2564,1102
2565,997
2566,1163
2567,1094
2568,1034
2569,1189
2570,983
2571,1094
2572,1052
2573,1072
2574,1109
2575,989
2576,1183
2577,1058
2578,1089
2579,1093
2580,1089
2581,1148
2582,1080
2583,1197
2584,1109
2585,1241
2586,1055
2587,1154
2588,1077
2589,1014
2590,1101
2591,1035
2592,981
2593,1204
2594,964
2595,1249
2596,1275
2597,1232
2598,1149
2599,1097
2600,1156
2601,1228
2602,1228
2603,1170
2604,1237
2605,1092
2606,1170
2607,1159
2608,1153
2609,1032
2610,1183
2611,1035
2612,1067
2613,1157
2614,1116
2615,1072
2616,1109
2617,1292
2618,1049
2619,1077
2620,990
2621,1020
2622,1124
2623,1205
2624,1072
2625,1043
2626,1147
2627,1143
2628,1104
2629,1177
2630,1226
2631,1224
2632,1206
2633,1137
2634,1066
2635,1062
2636,1097
2637,1141
2638,1095
2639,981
2640,1062
2641,1105
2642,1025
2643,1083
2644,1106
2645,1309
2646,1169
2647,1158
2648,1107
2649,1201
2650,1234
2651,1204
2652,1221
2653,1099
2654,1340
2655,1150
2656,1063
2657,1046
2658,1073
2659,1168
2660,1150
2661,1186
2662,1025
2663,1230
2664,1326
2665,1077
2666,1061
2667,1304
2668,1044
2669,1018
2670,1039
2671,1108
2672,1182
2673,1043
2674,1235
2675,1148
2676,1476
2677,1092
2678,1072
2679,1105
2680,1107
2681,1162
2682,1190
2683,1071
2684,1118
2685,1176
2686,1301
2687,1112
2688,1177
2689,1070
2690,1228
2691,1065
2692,1254
2693,1212
2694,1202
2695,1195
2696,1161
2697,1154
2698,1198
2699,1180
2700,1173
2701,1261
2702,1161
2703,1187
2704,1011
2705,1164
2706,1033
2707,1116
2708,1065
2709,1044
2710,1188
2711,1228
2712,1068
2713,1118
2714,1115
2715,1159
2716,1031
2717,1117
2718,992
2719,1105
2720,1175
2721,1157
2722,1083
2723,1166
2724,1077
2725,1115
2726,1048
2727,1182
2728,1284
2729,1213
2730,1070
2731,1120
2732,1146
2733,1115
2734,1121
2735,1133
2736,1074
2737,1126
2738,1096
2739,967
2740,1280
2741,1337
2742,1256
2743,1167
2744,1126
2745,1257
2746,1252
2747,1174
2748,1246
2749,1144
2750,1178
2751,1306
2752,1154
2753,1141
2754,1245
2755,1108
2756,1130
2757,1123
2758,1281
2759,1072
2760,1128
2761,1008
2762,1141
2763,1254
2764,1010
2765,1224
2766,1063
2767,1211
2768,1125
2769,1155
2770,1182
2771,1169
2772,1095
2773,1284
2774,1084
2775,1213
2776,1185
2777,1112
2778,1183
2779,1101
2780,1159
2781,1257
2782,1161
2783,1107
2784,1218
2785,1158
2786,1192
2787,1131
2788,1155
2789,1243
2790,1209
2791,1248
2792,1215
2793,1306
2794,1183
2795,1865
2796,1172
2797,1285
2798,1289
2799,1173
2800,1291
2801,1096
2802,1324
2803,1027
2804,1265
2805,1228
2806,1149
2807,1128
2808,1193
2809,1194
2810,1190
2811,1291
2812,1181
2813,1165
2814,1287
2815,1156
2816,1254
2817,1299
2818,1172
2819,1312
2820,1258
2821,1432
2822,1347
2823,1299
2824,1491
2825,1520
2826,1464
2827,1500
2828,1520
2829,1584
2830,1615
2831,1799
2832,1592
2833,1830
2834,1786
2835,2091
2836,2113
2837,2602
2838,2577
2839,2890
2840,3124
2841,3437
2842,3853
2843,4208
2844,4536
2845,5227
2846,5837
2847,7460
2848,10796
2849,15904
2850,20167
2851,22703
2852,31997
2853,33764
2854,22143
2855,13922
2856,8888
2857,7108
2858,5542
2859,4960
2860,4275
2861,3571
2862,2776
2863,2794
2864,2544
2865,2220
2866,2136
2867,2119
2868,1976
2869,1948
2870,1879
2871,1757
2872,1600
2873,1813
2874,1619
2875,1544
2876,1485
2877,1540
2878,1465
2879,1461
2880,1436
2881,1403
2882,1375
2883,1354
2884,1396
2885,1458
2886,1540
2887,1368
2888,1286
2889,1382
2890,1395
2891,1380
2892,1362
2893,1404
2894,1429
2895,1368
2896,1319
2897,1362
2898,1058
2899,1281
2900,1232
2901,1187
2902,1196
2903,1200
2904,1219
2905,1168
2906,1261
2907,1090
2908,1224
2909,1137
2910,1142
2911,1202
2912,1152
2913,1244
2914,1228
2915,1320
2916,1121
2917,1169
2918,1103
2919,1287
2920,1049
2921,1297
2922,1200
2923,1191
2924,1074
2925,1281
2926,1346
2927,1158
2928,1126
2929,1297
2930,1196
2931,1200
2932,1191
2933,1232
2934,1272
2935,1219
2936,1267
2937,1366
2938,1193
2939,1293
2940,1175
2941,1273
2942,1368
2943,1214
2944,1238
2945,1243
2946,1148
2947,1171
2948,1313
2949,1130
2950,1121
2951,1158
2952,1106
2953,1216
2954,1183
2955,1059
2956,1124
2957,1170
2958,1112
2959,1157
2960,1114
2961,1124
2962,1139
2963,1120
2964,1126
2965,1155
2966,1128
2967,1224
2968,1067
2969,1172
2970,1240
2971,1153
2972,1202
2973,1126
2974,1080
2975,1191
2976,1063
2977,1140
2978,1274
2979,1039
2980,1138
2981,1197
2982,1236
2983,1386
2984,1208
2985,1165
2986,1202
2987,1260
2988,1149
2989,1304
2990,1285
2991,1220
2992,1318
2993,1195
2994,1067
2995,1289
2996,1111
2997,1177
2998,1106
2999,1033
3000,1143
3001,1193
3002,1181
3003,1081
3004,1163
3005,1139
3006,1057
3007,1055
3008,1093
3009,1090
3010,1253
3011,1153
3012,1171
3013,989
3014,1188
3015,1098
3016,1303
3017,1082
3018,1318
3019,1266
3020,1202
3021,1182
3022,1249
3023,1163
3024,1062
3025,1189
3026,1135
3027,1107
3028,1194
3029,1234
3030,1242
3031,1215
3032,1277
3033,1304
3034,1140
3035,1212
3036,1119
3037,1278
3038,1190
3039,1157
3040,1248
3041,1236
3042,1036
3043,1133
3044,1246
3045,1185
3046,1199
3047,1211
3048,1164
3049,1172
3050,1191
3051,1166
3052,1199
3053,1142
3054,1086
3055,1232
3056,1255
3057,1216
3058,1355
3059,1217
3060,1240
3061,1390
3062,1256
3063,1507
3064,1457
3065,1441
3066,1744
3067,1622
3068,1718
3069,1722
3070,1640
3071,1881
3072,1927
3073,2045
3074,2103
3075,2654
3076,2853
3077,3473
3078,3977
3079,5178
3080,6066
3081,5932
3082,4566
3083,3591
3084,3069
3085,2899
3086,2600
3087,2833
3088,2769
3089,2964
3090,3162
3091,3394
3092,3996
3093,5135
3094,5913
3095,5663
3096,4256
3097,3099
3098,2549
3099,2303
3100,1951
3101,2008
3102,1810
3103,1626
3104,1487
3105,1653
3106,1463
3107,1437
3108,1374
3109,1375
3110,1319
3111,1340
3112,1262
3113,1360
3114,1325
3115,1237
3116,1267
3117,1279
3118,1275
3119,1169
3120,1192
3121,1135
3122,1141
3123,1144
3124,1282
3125,1050
3126,1221
3127,1150
3128,1223
3129,1424
3130,1209
3131,1178
3132,1251
3133,1303
3134,1280
3135,1217
3136,1292
3137,1245
3138,1231
3139,1187
3140,1066
3141,905
3142,1196
3143,1150
3144,1169
3145,1188
3146,1111
3147,1164
3148,1068
3149,1116
3150,987
3151,1011
3152,1269
3153,1033
3154,1188
3155,1120
3156,1057
3157,1176
3158,1257
3159,1093
3160,1122
3161,1153
3162,1136
3163,1182
3164,1128
3165,1281
3166,1142
3167,1061
3168,1049
3169,1164
3170,1155
3171,1117
3172,1176
3173,1113
3174,1208
3175,1268
3176,1268
3177,1189
3178,1152
3179,1361
3180,1137
3181,1161
3182,1266
3183,1202
3184,1193
3185,1179
3186,1235
3187,1153
3188,1087
3189,1096
3190,1101
3191,1184
3192,1103
3193,1154
3194,1081
3195,1098
3196,1126
3197,1096
3198,1187
3199,965
3200,1129
3201,1118
3202,1068
3203,1133
3204,1023
3205,1183
3206,1086
3207,1168
3208,1089
3209,1107
3210,1153
3211,1325
3212,1164
3213,1331
3214,971
3215,1146
3216,1245
3217,1095
3218,1114
3219,1088
3220,1087
3221,1171
3222,1082
3223,1349
3224,1139
3225,1176
3226,1150
3227,1075
3228,1153
3229,1143
3230,1247
3231,1219
3232,1271
3233,1201
3234,1128
3235,1137
3236,1184
3237,1116
3238,1047
3239,1206
3240,1099
3241,1152
3242,1122
3243,1098
3244,1200
3245,1125
3246,1085
3247,1265
3248,1063
3249,1061
3250,1055
3251,1150
3252,1126
3253,1131
3254,1140
3255,1118
3256,1132
3257,1139
3258,1144
3259,1065
3260,1226
3261,1213
3262,1188
3263,1052
3264,1076
3265,1192
3266,1142
3267,1066
3268,1084
3269,1044
3270,1155
3271,1150
3272,1256
3273,1229
3274,1174
3275,1171
3276,1088
3277,1226
3278,1303
3279,1203
3280,1208
3281,1161
3282,1204
3283,1253
3284,1132
3285,1097
3286,1088
3287,1161
3288,983
3289,1123
3290,1171
3291,1151
3292,1059
3293,1089
3294,1035
3295,1090
3296,1032
3297,1086
3298,972
3299,1082
3300,1112
3301,1120
3302,1034
3303,1102
3304,1173
3305,1116
3306,1204
3307,1084
3308,1119
3309,1160
3310,1208
3311,1119
3312,1297
3313,1067
3314,1053
3315,1168
3316,1135
3317,1135
3318,1135
3319,1175
3320,1110
3321,1141
3322,1141
3323,1104
3324,1207
3325,1252
3326,1239
3327,1216
3328,1050
3329,1141
3330,1276
3331,1209
3332,1160
3333,1158
3334,1107
3335,1145
3336,1038
3337,1137
3338,965
3339,1150
3340,1024
3341,1173
3342,1217
3343,1068
3344,1086
3345,1038
3346,1064
3347,1056
3348,1208
3349,1053
3350,1058
3351,1078
3352,1099
3353,1030
3354,1137
3355,1119
3356,1273
3357,1185
3358,1209
3359,1008
3360,1123
3361,1014
3362,1187
3363,1044
3364,1251
3365,1024
3366,1106
3367,1011
3368,1184
3369,1255
3370,1088
3371,1133
3372,1202
3373,1247
3374,1205
3375,1156
3376,1131
3377,1174
3378,1169
3379,1214
3380,1047
3381,1065
3382,1079
3383,1212
3384,1145
3385,1080
3386,1149
3387,1040
3388,1145
3389,1103
3390,1011
3391,1088
3392,1042
3393,1178
3394,940
3395,1073
3396,1157
3397,1067
3398,1154
3399,1085
3400,1087
3401,1126
3402,1111
3403,1080
3404,1268
3405,1151
3406,1128
3407,1236
3408,1048
3409,1182
3410,1130
3411,1041
3412,1136
3413,1163
3414,1066
3415,1247
3416,1003
3417,1199
3418,1208
3419,1270
3420,1142
3421,1166
3422,1182
3423,1238
3424,1121
3425,1316
3426,1122
3427,1207
3428,1150
3429,1165
3430,1126
3431,1143
3432,1068
3433,1332
3434,1123
3435,1043
3436,1298
3437,1085
3438,1147
3439,1164
3440,1097
3441,1037
3442,1076
3443,961
3444,1069
3445,1093
3446,1004
3447,1081
3448,1097
3449,1126
3450,1023
3451,1122
3452,1105
3453,1250
3454,1204
3455,1016
3456,1092
3457,1169
3458,1050
3459,1156
3460,1148
3461,1136
3462,1091
3463,1121
3464,1038
3465,1032
3466,1142
3467,1144
3468,1121
3469,1224
3470,1124
3471,1276
3472,1157
3473,1171
3474,1149
3475,1311
3476,1169
3477,1103
3478,1097
3479,1013
3480,1013
3481,1176
3482,1157
3483,1088
3484,1231
3485,1100
3486,1187
3487,1071
3488,1137
3489,1196
3490,1022
3491,1043
3492,1135
3493,1231
3494,1033
3495,1244
3496,1051
3497,1190
3498,1214
3499,1213
3500,1122
3501,1173
3502,1310
3503,1297
3504,1216
3505,1123
3506,1189
3507,1171
3508,1157
3509,1156
3510,1148
3511,1057
3512,1182
3513,1184
3514,1191
3515,1154
3516,1266
3517,1150
3518,1206
3519,1145
3520,1097
3521,1215
3522,1152
3523,1198
3524,1221
3525,1172
3526,1056
3527,1153
3528,1103
3529,1328
3530,1103
3531,1044
3532,1093
3533,1216
3534,1093
3535,1198
3536,1100
3537,1035
3538,1000
3539,1070
3540,1022
3541,1151
3542,1287
3543,1166
3544,1114
3545,1142
3546,1224
3547,1195
3548,1265
3549,1227
3550,1216
3551,1335
3552,1058
3553,1109
3554,1164
3555,1121
3556,1093
3557,1057
3558,1183
3559,1135
3560,1196
3561,938
3562,1194
3563,1203
3564,1094
3565,1200
3566,1225
3567,1284
3568,1175
3569,1238
3570,1196
3571,1235
3572,1308
3573,1044
3574,1204
3575,1059
3576,1325
3577,1102
3578,1236
3579,1214
3580,1169
3581,1238
3582,1180
3583,1120
3584,1180
3585,1117
3586,1169
3587,1064
3588,1010
3589,1190
3590,1125
3591,1224
3592,1049
3593,1111
3594,1116
3595,1199
3596,1052
3597,1241
3598,1157
3599,1226
3600,1187
3601,1060
3602,1112
3603,1102
3604,1042
3605,1235
3606,1079
3607,1168
3608,1091
3609,1133
3610,1209
3611,1285
3612,1198
3613,1380
3614,1158
3615,1284
3616,1181
3617,1410
3618,1175
3619,1325
3620,1239
3621,1253
3622,1184
3623,1260
3624,1143
3625,1180
3626,1398
3627,1163
3628,1215
3629,1243
3630,1302
3631,1080
3632,1185
3633,1274
3634,1108
3635,1319
3636,1370
3637,1265
3638,1356
3639,1359
3640,1393
3641,1475
3642,1530
3643,1423
3644,1465
3645,1559
3646,1571
3647,1539
3648,1657
